INSERT INTO product_category (category_id, name) VALUES 
(1, 'Tablet'),
(2, 'Desktop'),
(3, 'Hard Drive'),
(4, 'Memory'),
(5, 'Printers'),
(6, 'Accessories'),
(7, 'Gaming'),
(8, 'Software'),
(9, 'Smartphone'),
(10, 'Laptop');

INSERT INTO product (product_id, name, description, category_id) VALUES 
(1, 'Ventosanzap 7908', 'fusce posuere felis sed lacus morbi sem', 6),
(2, 'Tin 9347', 'justo nec condimentum neque sapien placerat ante nulla', 8),
(3, 'Redhold 0424', 'a feugiat et eros vestibulum ac est lacinia nisi venenatis', 2),
(4, 'Transcof 5063', 'arcu libero rutrum ac lobortis vel dapibus at', 4),
(5, 'Bytecard 7966', 'dolor sit amet consectetuer adipiscing elit proin', 8),
(6, 'Tin 7065', 'massa volutpat convallis morbi odio odio elementum eu interdum eu', 2),
(7, 'Domainer 7249', 'fusce lacus purus aliquet at feugiat non pretium quis lectus', 5),
(8, 'Tresom 5680', 'pede lobortis ligula sit amet eleifend pede libero quis orci', 3),
(9, 'Namfix 3544', 'dui vel nisl duis ac', 6),
(10, 'Cardify 1049', 'cursus id turpis integer aliquet massa id', 9),
(11, 'Tres-Zap 1718', 'sodales sed tincidunt eu felis fusce posuere felis sed', 3),
(12, 'Greenlam 2317', 'luctus et ultrices posuere cubilia curae', 5),
(13, 'Stim 3852', 'non mi integer ac neque duis', 7),
(14, 'Fix San 8094', 'nec euismod scelerisque quam turpis adipiscing lorem vitae mattis', 9),
(15, 'Namfix 4755', 'sit amet cursus id turpis integer aliquet massa id lobortis', 4),
(16, 'Flexidy 5081', 'erat curabitur gravida nisi at nibh in hac habitasse', 4),
(17, 'Sub-Ex 6944', 'duis aliquam convallis nunc proin at', 6),
(18, 'Cardguard 8157', 'nec molestie sed justo pellentesque viverra pede ac', 4),
(19, 'Fintone 2568', 'at turpis donec posuere metus vitae ipsum', 3),
(20, 'Stringtough 8076', 'platea dictumst aliquam augue quam sollicitudin vitae consectetuer eget rutrum', 6),
(21, 'Andalax 3794', 'lacus at velit vivamus vel nulla eget', 4),
(22, 'Domainer 3212', 'justo eu massa donec dapibus duis at', 8),
(23, 'Fix San 9062', 'posuere felis sed lacus morbi sem mauris laoreet ut rhoncus', 5),
(24, 'Home Ing 5479', 'tristique est et tempus semper est quam', 10),
(25, 'Greenlam 6587', 'fusce congue diam id ornare imperdiet sapien urna pretium', 9),
(26, 'Otcom 9934', 'ultrices erat tortor sollicitudin mi sit amet lobortis', 1),
(27, 'Quo Lux 7815', 'magnis dis parturient montes nascetur ridiculus mus etiam', 8),
(28, 'Zoolab 2036', 'lobortis convallis tortor risus dapibus augue vel accumsan tellus', 8),
(29, 'Tin 9312', 'elementum in hac habitasse platea', 7),
(30, 'Y-Solowarm 9869', 'at ipsum ac tellus semper interdum mauris ullamcorper purus', 4),
(31, 'Ronstring 0850', 'proin at turpis a pede posuere', 1),
(32, 'Otcom 5124', 'odio cras mi pede malesuada in imperdiet et commodo', 5),
(33, 'Tresom 3297', 'cras in purus eu magna vulputate luctus cum sociis', 9),
(34, 'Konklux 0731', 'donec dapibus duis at velit eu', 8),
(35, 'Transcof 0508', 'mauris viverra diam vitae quam suspendisse potenti nullam porttitor lacus', 10),
(36, 'Zathin 0525', 'vestibulum vestibulum ante ipsum primis', 8),
(37, 'Rank 4344', 'nulla ultrices aliquet maecenas leo odio condimentum id', 4),
(38, 'Zoolab 3048', 'aliquet maecenas leo odio condimentum id luctus', 10),
(39, 'Mat Lam Tam 8070', 'nisl nunc nisl duis bibendum felis sed interdum venenatis turpis', 4),
(40, 'Toughjoyfax 6133', 'ultrices erat tortor sollicitudin mi sit amet lobortis sapien', 5),
(41, 'Alphazap 3781', 'ipsum aliquam non mauris morbi', 1),
(42, 'Tampflex 2981', 'mi integer ac neque duis', 4),
(43, 'Fix San 9296', 'natoque penatibus et magnis dis parturient montes', 4),
(44, 'Zaam-Dox 1064', 'aliquam non mauris morbi non lectus', 9),
(45, 'It 2622', 'condimentum neque sapien placerat ante nulla', 1),
(46, 'Zoolab 7460', 'neque sapien placerat ante nulla justo aliquam', 3),
(47, 'Alphazap 2236', 'cursus vestibulum proin eu mi nulla', 5),
(48, 'Fix San 6579', 'mi sit amet lobortis sapien sapien non', 5),
(49, 'Temp 5153', 'rhoncus dui vel sem sed sagittis', 6),
(50, 'Stringtough 4348', 'dignissim vestibulum vestibulum ante ipsum primis in faucibus orci luctus', 8),
(51, 'Sonair 8957', 'sapien urna pretium nisl ut volutpat sapien arcu', 4),
(52, 'Duobam 6669', 'lorem ipsum dolor sit amet consectetuer', 1),
(53, 'Bytecard 0586', 'nibh ligula nec sem duis', 4),
(54, 'Trippledex 7757', 'primis in faucibus orci luctus et ultrices posuere cubilia curae', 2),
(55, 'Rank 8838', 'aliquam lacus morbi quis tortor id nulla ultrices aliquet', 5),
(56, 'Fixflex 2457', 'lobortis vel dapibus at diam nam tristique tortor eu pede', 1),
(57, 'Tresom 3434', 'donec posuere metus vitae ipsum aliquam non mauris morbi non', 5),
(58, 'Job 4009', 'dapibus dolor vel est donec odio', 3),
(59, 'Tresom 2367', 'dui vel nisl duis ac nibh fusce', 9),
(60, 'Aerified 6235', 'sed interdum venenatis turpis enim', 5),
(61, 'It 0624', 'lacus morbi sem mauris laoreet ut rhoncus aliquet', 1),
(62, 'Voltsillam 2550', 'nulla mollis molestie lorem quisque ut erat', 8),
(63, 'Fix San 9064', 'ac nulla sed vel enim', 1),
(64, 'Aerified 6192', 'aliquam erat volutpat in congue', 4),
(65, 'Overhold 2295', 'maecenas tristique est et tempus semper', 9),
(66, 'Sub-Ex 7957', 'ultrices aliquet maecenas leo odio condimentum', 5),
(67, 'Andalax 0026', 'mattis pulvinar nulla pede ullamcorper augue a suscipit', 7),
(68, 'Zoolab 0170', 'aliquet pulvinar sed nisl nunc', 2),
(69, 'Y-Solowarm 6889', 'vulputate ut ultrices vel augue vestibulum ante ipsum primis', 4),
(70, 'Y-find 2247', 'ultrices posuere cubilia curae duis faucibus accumsan odio', 5),
(71, 'Bitchip 9143', 'sit amet consectetuer adipiscing elit proin interdum mauris non', 6),
(72, 'Fix San 1772', 'rhoncus aliquam lacus morbi quis tortor id nulla ultrices aliquet', 1),
(73, 'Matsoft 3542', 'morbi non lectus aliquam sit amet diam in magna', 7),
(74, 'Mat Lam Tam 4795', 'augue aliquam erat volutpat in congue etiam justo', 7),
(75, 'Temp 0257', 'in eleifend quam a odio', 8),
(76, 'Tampflex 1481', 'libero nam dui proin leo odio porttitor id consequat in', 7),
(77, 'Tres-Zap 4040', 'rutrum nulla nunc purus phasellus in felis', 4),
(78, 'Subin 0156', 'ultricies eu nibh quisque id justo sit amet', 3),
(79, 'Cookley 2179', 'aliquam augue quam sollicitudin vitae consectetuer eget rutrum', 1),
(80, 'Bytecard 5915', 'phasellus sit amet erat nulla tempus', 2),
(81, 'Konklux 6024', 'in quis justo maecenas rhoncus aliquam lacus morbi', 10),
(82, 'Home Ing 8643', 'cras non velit nec nisi vulputate nonummy maecenas tincidunt', 4),
(83, 'Trippledex 6723', 'potenti nullam porttitor lacus at turpis donec posuere', 10),
(84, 'Stronghold 8181', 'massa donec dapibus duis at velit eu est congue', 3),
(85, 'Andalax 5173', 'est lacinia nisi venenatis tristique fusce', 5),
(86, 'Sonair 5983', 'cras mi pede malesuada in imperdiet et commodo vulputate', 5),
(87, 'Tempsoft 4217', 'luctus ultricies eu nibh quisque id justo', 6),
(88, 'Veribet 6468', 'a libero nam dui proin leo', 10),
(89, 'Bitwolf 2771', 'parturient montes nascetur ridiculus mus etiam vel augue vestibulum', 3),
(90, 'Lotstring 3477', 'morbi vel lectus in quam fringilla', 9),
(91, 'Vagram 7885', 'quisque erat eros viverra eget congue eget semper', 1),
(92, 'Zamit 8869', 'ligula nec sem duis aliquam', 1),
(93, 'Keylex 3935', 'consequat nulla nisl nunc nisl duis bibendum felis sed interdum', 3),
(94, 'Domainer 0953', 'mi nulla ac enim in tempor', 3),
(95, 'Stringtough 0932', 'magna ac consequat metus sapien ut nunc vestibulum ante ipsum', 2),
(96, 'Zoolab 1243', 'sollicitudin vitae consectetuer eget rutrum at lorem integer tincidunt', 8),
(97, 'Gembucket 4999', 'quam sapien varius ut blandit', 1),
(98, 'Zaam-Dox 3375', 'congue elementum in hac habitasse platea', 6),
(99, 'Mat Lam Tam 6363', 'dolor sit amet consectetuer adipiscing elit proin', 3),
(100, 'Biodex 5845', 'velit id pretium iaculis diam erat', 3),
(101, 'Latlux 1731', 'sed interdum venenatis turpis enim blandit mi in porttitor pede', 1),
(102, 'Stronghold 0897', 'sapien non mi integer ac', 1),
(103, 'Tampflex 5460', 'faucibus accumsan odio curabitur convallis', 3),
(104, 'Cardguard 5651', 'libero convallis eget eleifend luctus', 9),
(105, 'Zontrax 3954', 'quis libero nullam sit amet', 1),
(106, 'Bigtax 2060', 'turpis sed ante vivamus tortor duis mattis egestas', 8),
(107, 'Bigtax 0294', 'mauris sit amet eros suspendisse accumsan tortor quis turpis sed', 3),
(108, 'Keylex 8093', 'sit amet nunc viverra dapibus nulla suscipit', 6),
(109, 'Kanlam 3609', 'in imperdiet et commodo vulputate', 4),
(110, 'Flowdesk 8438', 'ipsum aliquam non mauris morbi', 7),
(111, 'Mat Lam Tam 8362', 'ultrices posuere cubilia curae nulla dapibus dolor vel', 6),
(112, 'Y-Solowarm 2909', 'pellentesque eget nunc donec quis orci eget orci vehicula', 9),
(113, 'Viva 6397', 'eget eros elementum pellentesque quisque porta volutpat erat quisque', 4),
(114, 'Stim 2952', 'tristique est et tempus semper', 2),
(115, 'Hatity 6904', 'blandit ultrices enim lorem ipsum dolor sit amet consectetuer adipiscing', 5),
(116, 'Treeflex 0753', 'dapibus duis at velit eu est', 5),
(117, 'Bigtax 0704', 'orci eget orci vehicula condimentum', 4),
(118, 'Y-Solowarm 5333', 'mi integer ac neque duis bibendum', 4),
(119, 'Bitwolf 2175', 'consectetuer adipiscing elit proin risus praesent lectus vestibulum', 4),
(120, 'Lotstring 0304', 'id massa id nisl venenatis lacinia aenean sit amet justo', 7),
(121, 'Opela 5039', 'ut blandit non interdum in ante vestibulum ante ipsum primis', 7),
(122, 'Tresom 3990', 'volutpat convallis morbi odio odio elementum eu interdum eu', 2),
(123, 'Aerified 5537', 'felis sed lacus morbi sem mauris laoreet', 9),
(124, 'Tempsoft 0788', 'pretium iaculis justo in hac habitasse platea dictumst etiam faucibus', 8),
(125, 'Namfix 3205', 'luctus nec molestie sed justo pellentesque viverra pede ac', 2),
(126, 'Andalax 6868', 'cras pellentesque volutpat dui maecenas tristique est et tempus', 8),
(127, 'Ventosanzap 7613', 'molestie sed justo pellentesque viverra pede ac diam', 7),
(128, 'Solarbreeze 0719', 'enim blandit mi in porttitor pede justo eu massa donec', 1),
(129, 'Stronghold 5575', 'consequat metus sapien ut nunc vestibulum ante ipsum primis', 7),
(130, 'Zontrax 4082', 'ultrices mattis odio donec vitae nisi nam ultrices', 3),
(131, 'Zoolab 8824', 'odio consequat varius integer ac leo pellentesque ultrices mattis odio', 1),
(132, 'Zathin 4329', 'porta volutpat erat quisque erat eros viverra eget', 4),
(133, 'Zontrax 9060', 'in congue etiam justo etiam pretium iaculis justo in', 2),
(134, 'Tin 9962', 'phasellus sit amet erat nulla tempus vivamus in', 9),
(135, 'Ventosanzap 3161', 'donec ut dolor morbi vel lectus in quam fringilla rhoncus', 9),
(136, 'Kanlam 8046', 'ante nulla justo aliquam quis turpis eget elit sodales scelerisque', 10),
(137, 'Subin 3108', 'tempus semper est quam pharetra magna ac', 2),
(138, 'Greenlam 9173', 'lacinia aenean sit amet justo morbi ut', 8),
(139, 'Quo Lux 8100', 'placerat praesent blandit nam nulla integer pede justo', 5),
(140, 'Opela 8817', 'integer aliquet massa id lobortis convallis tortor', 3),
(141, 'Gembucket 6420', 'pretium iaculis justo in hac habitasse platea dictumst', 2),
(142, 'Overhold 6194', 'consectetuer eget rutrum at lorem integer tincidunt', 3),
(143, 'Zathin 1690', 'at velit eu est congue elementum in hac', 5),
(144, 'Sonair 7093', 'sed justo pellentesque viverra pede ac diam', 2),
(145, 'Veribet 7356', 'luctus et ultrices posuere cubilia curae donec', 7),
(146, 'Bitchip 2329', 'venenatis tristique fusce congue diam id ornare', 8),
(147, 'Tempsoft 8624', 'donec ut mauris eget massa tempor convallis nulla neque libero', 4),
(148, 'Prodder 3055', 'nisi eu orci mauris lacinia sapien quis libero nullam sit', 10),
(149, 'Greenlam 4857', 'metus arcu adipiscing molestie hendrerit at vulputate', 2),
(150, 'Bytecard 5142', 'mattis odio donec vitae nisi', 8),
(151, 'Tres-Zap 6161', 'dictumst morbi vestibulum velit id pretium iaculis diam erat fermentum', 9),
(152, 'Viva 7696', 'ipsum primis in faucibus orci luctus et ultrices posuere', 4),
(153, 'Tresom 4101', 'luctus ultricies eu nibh quisque id justo sit amet sapien', 6),
(154, 'Job 7900', 'sollicitudin ut suscipit a feugiat et', 5),
(155, 'Home Ing 0216', 'amet erat nulla tempus vivamus in felis eu sapien', 7),
(156, 'Y-Solowarm 6346', 'semper rutrum nulla nunc purus phasellus in felis donec', 5),
(157, 'Daltfresh 5111', 'sed sagittis nam congue risus semper porta volutpat', 8),
(158, 'Otcom 4167', 'natoque penatibus et magnis dis parturient montes', 5),
(159, 'Trippledex 7158', 'faucibus orci luctus et ultrices posuere cubilia curae donec', 3),
(160, 'Biodex 7067', 'duis aliquam convallis nunc proin', 7),
(161, 'Span 4287', 'curae donec pharetra magna vestibulum aliquet ultrices', 4),
(162, 'Bitwolf 9805', 'dis parturient montes nascetur ridiculus mus vivamus vestibulum sagittis sapien', 4),
(163, 'Lotlux 4110', 'nibh in hac habitasse platea dictumst aliquam augue', 10),
(164, 'Bytecard 3617', 'ultrices libero non mattis pulvinar nulla pede', 3),
(165, 'Hatity 5931', 'sagittis nam congue risus semper porta volutpat quam', 1),
(166, 'Namfix 5237', 'nulla facilisi cras non velit nec nisi vulputate nonummy', 5),
(167, 'Vagram 4251', 'augue vel accumsan tellus nisi eu orci', 9),
(168, 'Tin 5684', 'sed sagittis nam congue risus semper porta', 7),
(169, 'Span 3657', 'pellentesque volutpat dui maecenas tristique est', 5),
(170, 'Bigtax 5790', 'venenatis non sodales sed tincidunt eu felis', 4),
(171, 'Flexidy 7122', 'et magnis dis parturient montes nascetur ridiculus mus vivamus', 4),
(172, 'Lotstring 8407', 'quam pede lobortis ligula sit amet eleifend pede libero quis', 5),
(173, 'Overhold 7547', 'metus sapien ut nunc vestibulum ante ipsum primis', 3),
(174, 'Subin 2594', 'vulputate ut ultrices vel augue vestibulum ante', 10),
(175, 'Temp 1983', 'nonummy integer non velit donec diam neque vestibulum eget', 1),
(176, 'Solarbreeze 3085', 'pharetra magna vestibulum aliquet ultrices erat tortor sollicitudin', 1),
(177, 'Bitchip 5931', 'hac habitasse platea dictumst morbi vestibulum', 8),
(178, 'Konklux 3467', 'neque duis bibendum morbi non quam nec', 3),
(179, 'Konklux 0081', 'pede lobortis ligula sit amet eleifend pede libero', 4),
(180, 'Zathin 1323', 'in tempus sit amet sem fusce consequat nulla', 7),
(181, 'Home Ing 4705', 'lobortis sapien sapien non mi integer ac neque', 4),
(182, 'Cardguard 8893', 'in quis justo maecenas rhoncus aliquam lacus morbi quis tortor', 10),
(183, 'Home Ing 5467', 'eget vulputate ut ultrices vel', 10),
(184, 'Bitchip 8099', 'justo eu massa donec dapibus duis at velit', 7),
(185, 'Bigtax 3123', 'tempus sit amet sem fusce consequat nulla', 4),
(186, 'Solarbreeze 4622', 'accumsan tellus nisi eu orci mauris lacinia sapien quis libero', 1),
(187, 'Sub-Ex 1458', 'sem mauris laoreet ut rhoncus aliquet pulvinar', 3),
(188, 'Tampflex 3500', 'est donec odio justo sollicitudin ut suscipit a', 7),
(189, 'Ronstring 2285', 'luctus et ultrices posuere cubilia curae nulla dapibus dolor', 9),
(190, 'Quo Lux 1268', 'non interdum in ante vestibulum ante ipsum primis in', 9),
(191, 'Lotlux 9350', 'felis sed interdum venenatis turpis enim blandit mi in', 7),
(192, 'Opela 5018', 'in est risus auctor sed', 9),
(193, 'Zamit 6413', 'rhoncus mauris enim leo rhoncus sed vestibulum sit amet cursus', 2),
(194, 'Latlux 0316', 'in faucibus orci luctus et ultrices', 5),
(195, 'Ronstring 4618', 'amet sapien dignissim vestibulum vestibulum ante', 1),
(196, 'Opela 0769', 'blandit nam nulla integer pede justo lacinia eget tincidunt eget', 8),
(197, 'Asoka 3347', 'at lorem integer tincidunt ante vel', 8),
(198, 'Toughjoyfax 5841', 'duis bibendum morbi non quam nec dui luctus rutrum', 5),
(199, 'It 4728', 'ultrices enim lorem ipsum dolor', 3),
(200, 'Trippledex 7121', 'massa donec dapibus duis at', 5),
(201, 'Ronstring 6736', 'integer pede justo lacinia eget tincidunt eget', 8),
(202, 'Sub-Ex 4956', 'vestibulum proin eu mi nulla ac enim in tempor turpis', 1),
(203, 'Cookley 9388', 'vulputate ut ultrices vel augue vestibulum', 3),
(204, 'Alphazap 0540', 'leo odio porttitor id consequat in consequat ut nulla', 3),
(205, 'Cardify 3026', 'integer aliquet massa id lobortis convallis tortor risus dapibus', 4),
(206, 'Tempsoft 1367', 'dictumst maecenas ut massa quis augue luctus tincidunt nulla', 5),
(207, 'Y-find 8108', 'vestibulum vestibulum ante ipsum primis in', 4),
(208, 'Tin 9845', 'ut tellus nulla ut erat id mauris', 3),
(209, 'Fintone 9969', 'ligula sit amet eleifend pede libero quis orci nullam molestie', 3),
(210, 'Y-find 6012', 'ligula sit amet eleifend pede libero quis orci nullam molestie', 7),
(211, 'Tres-Zap 9586', 'rhoncus mauris enim leo rhoncus sed vestibulum', 6),
(212, 'Bigtax 9888', 'eu interdum eu tincidunt in leo', 9),
(213, 'Sonair 1583', 'habitasse platea dictumst morbi vestibulum velit id pretium', 2),
(214, 'Y-Solowarm 7633', 'nunc vestibulum ante ipsum primis in faucibus', 8),
(215, 'Greenlam 4933', 'aliquam sit amet diam in magna bibendum imperdiet nullam', 6),
(216, 'Job 8641', 'blandit lacinia erat vestibulum sed magna at nunc commodo placerat', 8),
(217, 'Gembucket 5662', 'lorem ipsum dolor sit amet', 1),
(218, 'Job 5947', 'quis orci eget orci vehicula', 9),
(219, 'Biodex 6777', 'parturient montes nascetur ridiculus mus vivamus vestibulum sagittis', 6),
(220, 'Transcof 9676', 'eu est congue elementum in hac habitasse', 5),
(221, 'Voyatouch 6702', 'pellentesque eget nunc donec quis orci eget', 5),
(222, 'Stronghold 9772', 'tellus in sagittis dui vel nisl duis ac nibh', 8),
(223, 'Job 2159', 'vitae nisl aenean lectus pellentesque eget', 6),
(224, 'Pannier 7521', 'massa id nisl venenatis lacinia aenean', 6),
(225, 'Flexidy 4648', 'nulla ultrices aliquet maecenas leo odio condimentum id', 6),
(226, 'Bigtax 5636', 'posuere metus vitae ipsum aliquam non mauris', 9),
(227, 'Latlux 2598', 'sagittis dui vel nisl duis ac nibh fusce', 7),
(228, 'Regrant 3609', 'volutpat eleifend donec ut dolor', 7),
(229, 'Zoolab 5090', 'lobortis ligula sit amet eleifend pede', 8),
(230, 'Quo Lux 1279', 'odio curabitur convallis duis consequat dui nec nisi volutpat', 3),
(231, 'Solarbreeze 0455', 'tortor duis mattis egestas metus aenean fermentum donec', 2),
(232, 'Flexidy 7984', 'nam ultrices libero non mattis pulvinar nulla pede ullamcorper augue', 9),
(233, 'Bitchip 8693', 'adipiscing molestie hendrerit at vulputate vitae', 10),
(234, 'Bytecard 1369', 'platea dictumst maecenas ut massa', 4),
(235, 'Hatity 0218', 'varius ut blandit non interdum in ante vestibulum', 1),
(236, 'Regrant 4008', 'sed vestibulum sit amet cursus', 8),
(237, 'Hatity 9218', 'sollicitudin ut suscipit a feugiat et eros vestibulum ac est', 5),
(238, 'Konklux 8131', 'aliquet pulvinar sed nisl nunc', 6),
(239, 'Quo Lux 8674', 'quisque erat eros viverra eget congue', 5),
(240, 'Cookley 3372', 'aliquam augue quam sollicitudin vitae consectetuer', 3),
(241, 'Bamity 2945', 'nunc vestibulum ante ipsum primis in faucibus', 4),
(242, 'Ventosanzap 2608', 'suscipit nulla elit ac nulla sed', 10),
(243, 'Veribet 8755', 'sapien in sapien iaculis congue', 4),
(244, 'Wrapsafe 4325', 'id sapien in sapien iaculis', 6),
(245, 'Stringtough 8604', 'donec posuere metus vitae ipsum aliquam non mauris', 7),
(246, 'Cardguard 6176', 'natoque penatibus et magnis dis parturient', 3),
(247, 'Fixflex 3960', 'aliquet massa id lobortis convallis tortor risus dapibus augue vel', 5),
(248, 'Regrant 3069', 'platea dictumst aliquam augue quam sollicitudin', 6),
(249, 'Stronghold 6086', 'faucibus orci luctus et ultrices posuere cubilia curae', 7),
(250, 'Y-Solowarm 0249', 'ante vivamus tortor duis mattis egestas metus', 10),
(251, 'Wrapsafe 7256', 'fusce lacus purus aliquet at feugiat non pretium quis lectus', 1),
(252, 'Mat Lam Tam 1595', 'praesent blandit lacinia erat vestibulum', 9),
(253, 'Aerified 2191', 'dui vel nisl duis ac nibh', 2),
(254, 'Viva 2735', 'ac enim in tempor turpis nec euismod', 1),
(255, 'Bitchip 7289', 'posuere cubilia curae nulla dapibus dolor vel est', 9),
(256, 'It 1905', 'vehicula condimentum curabitur in libero ut massa volutpat', 5),
(257, 'Hatity 6565', 'magnis dis parturient montes nascetur ridiculus mus etiam vel', 3),
(258, 'Namfix 8771', 'aliquet massa id lobortis convallis tortor', 4),
(259, 'Keylex 7051', 'ac nibh fusce lacus purus aliquet at feugiat non', 5),
(260, 'Lotlux 3733', 'luctus tincidunt nulla mollis molestie lorem quisque ut erat', 4),
(261, 'Mat Lam Tam 0393', 'mauris morbi non lectus aliquam', 9),
(262, 'Lotstring 9525', 'quis turpis sed ante vivamus tortor duis', 1),
(263, 'Bitchip 3164', 'sem fusce consequat nulla nisl nunc', 7),
(264, 'Greenlam 2768', 'vestibulum ante ipsum primis in faucibus orci', 2),
(265, 'Lotstring 6279', 'donec vitae nisi nam ultrices libero', 9),
(266, 'Otcom 2206', 'nullam molestie nibh in lectus', 6),
(267, 'Zoolab 8314', 'amet sapien dignissim vestibulum vestibulum ante', 1),
(268, 'Fintone 0804', 'adipiscing elit proin risus praesent lectus vestibulum', 6),
(269, 'Fix San 1767', 'vitae quam suspendisse potenti nullam porttitor lacus', 4),
(270, 'Ronstring 8960', 'faucibus orci luctus et ultrices', 3),
(271, 'Ventosanzap 5733', 'eget eros elementum pellentesque quisque', 6),
(272, 'Ronstring 3850', 'nulla quisque arcu libero rutrum ac lobortis vel dapibus', 10),
(273, 'Sub-Ex 4816', 'dolor morbi vel lectus in', 4),
(274, 'Kanlam 2433', 'nibh in hac habitasse platea dictumst aliquam', 5),
(275, 'Zoolab 7336', 'arcu sed augue aliquam erat volutpat', 6),
(276, 'Viva 8360', 'diam vitae quam suspendisse potenti nullam porttitor lacus at turpis', 10),
(277, 'Voyatouch 9855', 'justo sit amet sapien dignissim vestibulum vestibulum', 6),
(278, 'Otcom 2373', 'quisque arcu libero rutrum ac lobortis vel dapibus at diam', 5),
(279, 'Voltsillam 4521', 'est phasellus sit amet erat nulla tempus vivamus in', 5),
(280, 'Solarbreeze 3417', 'justo aliquam quis turpis eget elit sodales scelerisque mauris', 5),
(281, 'Cardguard 4544', 'vitae consectetuer eget rutrum at lorem', 2),
(282, 'Bitwolf 0187', 'ligula sit amet eleifend pede libero quis orci nullam molestie', 2),
(283, 'Zoolab 2254', 'in faucibus orci luctus et ultrices posuere', 8),
(284, 'Overhold 0708', 'in blandit ultrices enim lorem ipsum dolor sit', 8),
(285, 'Asoka 9432', 'eget eleifend luctus ultricies eu nibh quisque id justo', 7),
(286, 'Toughjoyfax 2913', 'enim blandit mi in porttitor pede justo eu', 2),
(287, 'Viva 0246', 'nibh quisque id justo sit amet sapien dignissim vestibulum vestibulum', 10),
(288, 'Overhold 4125', 'rutrum at lorem integer tincidunt', 4),
(289, 'Stringtough 9167', 'amet diam in magna bibendum imperdiet', 3),
(290, 'Fixflex 3010', 'iaculis justo in hac habitasse', 5),
(291, 'Zoolab 9908', 'congue elementum in hac habitasse platea dictumst morbi', 2),
(292, 'Biodex 3014', 'mauris eget massa tempor convallis nulla neque libero', 8),
(293, 'Stim 6614', 'in consequat ut nulla sed accumsan felis ut at dolor', 8),
(294, 'Keylex 8493', 'condimentum curabitur in libero ut massa volutpat convallis morbi', 5),
(295, 'Prodder 1965', 'rhoncus dui vel sem sed', 8),
(296, 'Asoka 3916', 'ante ipsum primis in faucibus orci luctus et ultrices posuere', 1),
(297, 'Job 9008', 'lacus at velit vivamus vel nulla eget eros elementum pellentesque', 8),
(298, 'Trippledex 0802', 'pretium quis lectus suspendisse potenti in eleifend', 5),
(299, 'Cookley 4625', 'faucibus orci luctus et ultrices posuere cubilia curae donec pharetra', 7),
(300, 'Hatity 4477', 'convallis eget eleifend luctus ultricies eu nibh', 8),
(301, 'Andalax 7088', 'suscipit a feugiat et eros vestibulum', 7),
(302, 'Latlux 7918', 'at nunc commodo placerat praesent blandit', 1),
(303, 'Redhold 2589', 'massa volutpat convallis morbi odio odio', 3),
(304, 'Gembucket 2943', 'nisl venenatis lacinia aenean sit', 1),
(305, 'Fintone 4113', 'augue a suscipit nulla elit ac nulla sed', 2),
(306, 'Sonsing 7610', 'cubilia curae donec pharetra magna vestibulum aliquet ultrices erat', 3),
(307, 'Daltfresh 0429', 'aliquam convallis nunc proin at turpis a pede', 2),
(308, 'Span 6823', 'congue etiam justo etiam pretium iaculis justo in hac', 4),
(309, 'Cardguard 4760', 'vestibulum ante ipsum primis in', 5),
(310, 'Latlux 8450', 'duis consequat dui nec nisi volutpat', 9),
(311, 'Daltfresh 0543', 'venenatis non sodales sed tincidunt', 10),
(312, 'Opela 8105', 'libero nam dui proin leo odio porttitor id consequat in', 10),
(313, 'Fintone 2208', 'mauris enim leo rhoncus sed vestibulum sit', 4),
(314, 'Viva 3653', 'amet consectetuer adipiscing elit proin risus praesent lectus vestibulum quam', 5),
(315, 'Span 2024', 'ut erat id mauris vulputate elementum', 1),
(316, 'Mat Lam Tam 3702', 'nunc proin at turpis a pede', 7),
(317, 'Home Ing 7131', 'enim lorem ipsum dolor sit amet consectetuer adipiscing elit', 10),
(318, 'Flexidy 8858', 'in blandit ultrices enim lorem', 10),
(319, 'Job 6003', 'consectetuer adipiscing elit proin interdum mauris', 9),
(320, 'Asoka 2584', 'leo odio condimentum id luctus nec molestie sed justo pellentesque', 4),
(321, 'Ronstring 3385', 'ut nunc vestibulum ante ipsum primis', 6),
(322, 'Zoolab 9260', 'sit amet cursus id turpis integer', 5),
(323, 'Home Ing 3802', 'ut erat curabitur gravida nisi at nibh in hac', 5),
(324, 'Job 9735', 'mi pede malesuada in imperdiet et commodo vulputate', 3),
(325, 'Regrant 0806', 'felis fusce posuere felis sed lacus morbi', 6),
(326, 'Fixflex 1259', 'suspendisse accumsan tortor quis turpis sed ante vivamus', 9),
(327, 'Tempsoft 3081', 'at turpis donec posuere metus vitae ipsum aliquam', 3),
(328, 'Biodex 6176', 'lectus in est risus auctor sed', 1),
(329, 'Greenlam 1246', 'venenatis non sodales sed tincidunt', 3),
(330, 'Bitchip 5844', 'eros elementum pellentesque quisque porta volutpat erat quisque erat', 3),
(331, 'Keylex 8124', 'posuere cubilia curae donec pharetra magna vestibulum aliquet', 6),
(332, 'Overhold 0542', 'hac habitasse platea dictumst maecenas ut massa quis augue luctus', 8),
(333, 'Tres-Zap 3855', 'vulputate vitae nisl aenean lectus pellentesque eget nunc', 9),
(334, 'Bamity 8705', 'etiam justo etiam pretium iaculis justo in hac habitasse', 2),
(335, 'It 9258', 'odio in hac habitasse platea dictumst maecenas ut', 1),
(336, 'Stronghold 1632', 'in tempus sit amet sem fusce consequat nulla nisl nunc', 7),
(337, 'Andalax 3120', 'in est risus auctor sed', 6),
(338, 'Sonsing 9563', 'donec diam neque vestibulum eget vulputate ut ultrices', 3),
(339, 'Matsoft 8182', 'lacinia sapien quis libero nullam', 5),
(340, 'Fintone 8411', 'pede malesuada in imperdiet et', 7),
(341, 'Temp 3278', 'ridiculus mus vivamus vestibulum sagittis sapien cum', 6),
(342, 'Quo Lux 1310', 'est et tempus semper est quam pharetra', 10),
(343, 'Stim 9135', 'quis tortor id nulla ultrices aliquet maecenas leo', 4),
(344, 'Lotstring 1095', 'lectus suspendisse potenti in eleifend quam a odio', 2),
(345, 'Subin 0034', 'auctor gravida sem praesent id massa id nisl venenatis lacinia', 4),
(346, 'Andalax 4874', 'convallis tortor risus dapibus augue vel accumsan', 4),
(347, 'Sonsing 8468', 'lectus pellentesque eget nunc donec quis orci eget orci', 2),
(348, 'Andalax 3452', 'at velit vivamus vel nulla eget', 5),
(349, 'Stringtough 4658', 'semper rutrum nulla nunc purus phasellus in felis', 9),
(350, 'Voyatouch 7513', 'convallis nulla neque libero convallis eget', 5),
(351, 'Tres-Zap 8099', 'ultrices enim lorem ipsum dolor sit amet consectetuer adipiscing', 5),
(352, 'Matsoft 8949', 'erat fermentum justo nec condimentum', 5),
(353, 'Andalax 8635', 'odio condimentum id luctus nec molestie', 4),
(354, 'Mat Lam Tam 9167', 'volutpat eleifend donec ut dolor', 10),
(355, 'Lotlux 8621', 'augue vestibulum ante ipsum primis in faucibus', 2),
(356, 'Tres-Zap 3091', 'ut rhoncus aliquet pulvinar sed nisl', 6),
(357, 'Zaam-Dox 9128', 'semper est quam pharetra magna ac', 3),
(358, 'Alpha 9230', 'etiam faucibus cursus urna ut', 9),
(359, 'Voyatouch 2763', 'morbi non lectus aliquam sit', 10),
(360, 'Home Ing 6536', 'phasellus in felis donec semper sapien', 1),
(361, 'Temp 1181', 'congue diam id ornare imperdiet sapien urna pretium nisl', 3),
(362, 'Tin 5966', 'orci eget orci vehicula condimentum', 6),
(363, 'Keylex 6100', 'ultrices vel augue vestibulum ante ipsum', 1),
(364, 'Zaam-Dox 5517', 'semper interdum mauris ullamcorper purus sit amet', 9),
(365, 'Sonair 2255', 'sed nisl nunc rhoncus dui', 10),
(366, 'Veribet 3886', 'eu felis fusce posuere felis sed', 4),
(367, 'Subin 7163', 'leo maecenas pulvinar lobortis est phasellus sit', 4),
(368, 'Cardguard 9035', 'aenean lectus pellentesque eget nunc donec quis orci', 5),
(369, 'Pannier 1917', 'accumsan odio curabitur convallis duis consequat', 1),
(370, 'Kanlam 4672', 'dapibus augue vel accumsan tellus nisi eu orci mauris', 9),
(371, 'Quo Lux 0272', 'lobortis vel dapibus at diam nam', 8),
(372, 'Flexidy 7903', 'in eleifend quam a odio in hac habitasse platea', 8),
(373, 'Opela 2893', 'ultrices enim lorem ipsum dolor sit amet consectetuer adipiscing elit', 1),
(374, 'It 8437', 'ultrices libero non mattis pulvinar', 7),
(375, 'Bamity 7101', 'vel pede morbi porttitor lorem id ligula suspendisse', 9),
(376, 'Bitwolf 7414', 'integer non velit donec diam neque vestibulum eget vulputate', 4),
(377, 'Overhold 6423', 'mus vivamus vestibulum sagittis sapien cum sociis natoque penatibus', 7),
(378, 'Opela 7868', 'quam fringilla rhoncus mauris enim leo rhoncus', 8),
(379, 'Mat Lam Tam 9936', 'dignissim vestibulum vestibulum ante ipsum primis in faucibus orci luctus', 2),
(380, 'Lotlux 2999', 'venenatis non sodales sed tincidunt', 9),
(381, 'Flowdesk 6241', 'phasellus id sapien in sapien iaculis congue vivamus', 2),
(382, 'Toughjoyfax 9932', 'ut odio cras mi pede malesuada in imperdiet et', 8),
(383, 'Pannier 7031', 'velit vivamus vel nulla eget', 3),
(384, 'Biodex 9845', 'tellus nulla ut erat id mauris', 2),
(385, 'Cookley 5937', 'dui proin leo odio porttitor id', 1),
(386, 'Latlux 2188', 'lectus in est risus auctor sed tristique in tempus', 9),
(387, 'Sub-Ex 6129', 'congue diam id ornare imperdiet', 5),
(388, 'Wrapsafe 4881', 'purus eu magna vulputate luctus cum sociis', 9),
(389, 'Aerified 2915', 'mauris morbi non lectus aliquam sit amet diam', 2),
(390, 'Y-find 2345', 'varius nulla facilisi cras non velit', 6),
(391, 'Transcof 0483', 'orci mauris lacinia sapien quis libero nullam sit', 6),
(392, 'Domainer 6346', 'tincidunt ante vel ipsum praesent', 1),
(393, 'Bitwolf 9240', 'ipsum praesent blandit lacinia erat vestibulum', 1),
(394, 'Cookley 0782', 'sit amet diam in magna bibendum', 2),
(395, 'Toughjoyfax 2818', 'leo odio porttitor id consequat', 10),
(396, 'Tresom 6115', 'sapien placerat ante nulla justo aliquam quis turpis eget elit', 4),
(397, 'Alphazap 2978', 'non ligula pellentesque ultrices phasellus', 6),
(398, 'Bytecard 8925', 'condimentum curabitur in libero ut massa', 3),
(399, 'Kanlam 3463', 'pulvinar sed nisl nunc rhoncus dui', 8),
(400, 'Pannier 7685', 'amet nulla quisque arcu libero rutrum ac lobortis vel', 10),
(401, 'Andalax 8117', 'mi sit amet lobortis sapien sapien non mi', 6),
(402, 'Asoka 3592', 'eget semper rutrum nulla nunc purus phasellus in felis donec', 2),
(403, 'Quo Lux 2071', 'nec nisi vulputate nonummy maecenas', 6),
(404, 'Holdlamis 5467', 'commodo placerat praesent blandit nam nulla integer pede justo lacinia', 5),
(405, 'Y-find 3668', 'libero ut massa volutpat convallis morbi odio odio', 6),
(406, 'Tin 7412', 'quam nec dui luctus rutrum nulla', 5),
(407, 'Viva 0964', 'massa quis augue luctus tincidunt', 5),
(408, 'Rank 4160', 'habitasse platea dictumst etiam faucibus cursus urna', 3),
(409, 'Lotstring 8055', 'magnis dis parturient montes nascetur ridiculus mus etiam vel', 1),
(410, 'Y-Solowarm 5870', 'ultrices posuere cubilia curae duis', 6),
(411, 'Kanlam 2337', 'in purus eu magna vulputate luctus cum sociis natoque penatibus', 6),
(412, 'Stringtough 5625', 'primis in faucibus orci luctus et', 10),
(413, 'Sonair 1701', 'pellentesque quisque porta volutpat erat quisque erat eros viverra', 7),
(414, 'Domainer 0793', 'lectus in quam fringilla rhoncus mauris enim leo rhoncus', 7),
(415, 'Stim 1549', 'penatibus et magnis dis parturient montes', 8),
(416, 'Vagram 0165', 'orci luctus et ultrices posuere cubilia', 1),
(417, 'Ventosanzap 6197', 'quam a odio in hac habitasse platea dictumst maecenas', 1),
(418, 'Vagram 0592', 'aenean auctor gravida sem praesent', 2),
(419, 'Pannier 8778', 'non mi integer ac neque duis bibendum morbi non quam', 8),
(420, 'Tempsoft 1363', 'pede justo eu massa donec dapibus', 4),
(421, 'Rank 6264', 'id mauris vulputate elementum nullam varius nulla', 6),
(422, 'Opela 2596', 'tortor risus dapibus augue vel accumsan tellus nisi', 8),
(423, 'Bitwolf 0516', 'orci pede venenatis non sodales', 1),
(424, 'Cardify 9857', 'non interdum in ante vestibulum ante ipsum', 3),
(425, 'Zoolab 7061', 'tristique est et tempus semper est quam pharetra', 8),
(426, 'Sub-Ex 0163', 'dolor sit amet consectetuer adipiscing elit proin interdum mauris non', 2),
(427, 'Trippledex 6003', 'primis in faucibus orci luctus et ultrices posuere cubilia curae', 5),
(428, 'Tresom 9877', 'nullam sit amet turpis elementum ligula vehicula consequat', 2),
(429, 'Fixflex 4945', 'est et tempus semper est quam', 4),
(430, 'Alphazap 8364', 'sapien iaculis congue vivamus metus arcu adipiscing molestie hendrerit', 8),
(431, 'Zathin 6194', 'nullam molestie nibh in lectus pellentesque', 5),
(432, 'Fixflex 4709', 'ac consequat metus sapien ut nunc vestibulum ante ipsum primis', 4),
(433, 'Konklux 1703', 'donec pharetra magna vestibulum aliquet ultrices erat tortor sollicitudin', 1),
(434, 'Bamity 9930', 'commodo placerat praesent blandit nam nulla', 9),
(435, 'Pannier 2000', 'imperdiet nullam orci pede venenatis non sodales sed tincidunt', 4),
(436, 'Zamit 5938', 'nisl duis ac nibh fusce lacus purus aliquet at feugiat', 2),
(437, 'Bitchip 9958', 'eget tincidunt eget tempus vel', 1),
(438, 'Fixflex 3361', 'purus eu magna vulputate luctus cum', 7),
(439, 'Cookley 5762', 'duis ac nibh fusce lacus purus aliquet at feugiat non', 4),
(440, 'Daltfresh 4839', 'donec ut mauris eget massa', 5),
(441, 'Andalax 7484', 'tortor quis turpis sed ante vivamus', 3),
(442, 'Vagram 0842', 'phasellus in felis donec semper sapien a libero nam', 1),
(443, 'Konklab 1929', 'et ultrices posuere cubilia curae donec', 2),
(444, 'Ventosanzap 2928', 'mauris sit amet eros suspendisse', 10),
(445, 'Asoka 3669', 'nullam varius nulla facilisi cras non velit nec', 1),
(446, 'Tres-Zap 7223', 'quam sollicitudin vitae consectetuer eget rutrum at lorem integer', 3),
(447, 'Holdlamis 5675', 'volutpat convallis morbi odio odio elementum', 7),
(448, 'Ronstring 0255', 'suspendisse potenti nullam porttitor lacus at turpis donec posuere', 6),
(449, 'Flexidy 5948', 'nulla ut erat id mauris vulputate', 10),
(450, 'Overhold 5947', 'integer non velit donec diam neque vestibulum eget vulputate', 9),
(451, 'Otcom 2055', 'accumsan tortor quis turpis sed ante vivamus tortor duis', 7),
(452, 'Ventosanzap 6341', 'massa donec dapibus duis at velit eu est congue', 10),
(453, 'Bigtax 8788', 'risus dapibus augue vel accumsan tellus nisi eu orci mauris', 9),
(454, 'Bytecard 5149', 'erat eros viverra eget congue eget semper', 9),
(455, 'Transcof 9449', 'consequat varius integer ac leo pellentesque ultrices mattis odio donec', 2),
(456, 'Home Ing 3572', 'justo in blandit ultrices enim lorem ipsum dolor', 10),
(457, 'Zaam-Dox 0698', 'id nulla ultrices aliquet maecenas leo', 7),
(458, 'Temp 1936', 'nulla neque libero convallis eget eleifend luctus ultricies eu nibh', 3),
(459, 'Tres-Zap 0056', 'at dolor quis odio consequat', 7),
(460, 'Rank 7789', 'nam congue risus semper porta volutpat quam pede lobortis', 2),
(461, 'Sub-Ex 1492', 'semper porta volutpat quam pede lobortis ligula sit', 9),
(462, 'Stronghold 8486', 'dictumst etiam faucibus cursus urna', 1),
(463, 'Otcom 9584', 'suscipit nulla elit ac nulla sed', 3),
(464, 'Trippledex 2308', 'rhoncus dui vel sem sed sagittis nam', 4),
(465, 'Fix San 1448', 'nascetur ridiculus mus vivamus vestibulum sagittis sapien cum sociis', 6),
(466, 'Tin 3824', 'nulla ut erat id mauris vulputate elementum nullam varius', 5),
(467, 'Ventosanzap 8987', 'est et tempus semper est', 3),
(468, 'It 3522', 'eros elementum pellentesque quisque porta volutpat erat quisque erat', 4),
(469, 'Vagram 5645', 'eget tempus vel pede morbi porttitor lorem id ligula suspendisse', 4),
(470, 'Voyatouch 5820', 'pede justo lacinia eget tincidunt eget tempus', 4),
(471, 'Lotstring 3110', 'posuere cubilia curae mauris viverra diam vitae quam', 6),
(472, 'Lotlux 9784', 'in faucibus orci luctus et ultrices posuere', 9),
(473, 'Tampflex 2474', 'dui proin leo odio porttitor id consequat', 4),
(474, 'Daltfresh 9842', 'turpis nec euismod scelerisque quam turpis adipiscing', 1),
(475, 'Stringtough 0800', 'laoreet ut rhoncus aliquet pulvinar sed nisl nunc rhoncus', 3),
(476, 'Pannier 6910', 'quis justo maecenas rhoncus aliquam lacus morbi quis tortor id', 2),
(477, 'Asoka 7482', 'nonummy maecenas tincidunt lacus at', 5),
(478, 'Toughjoyfax 9032', 'nunc proin at turpis a', 10),
(479, 'Stringtough 6196', 'pede ullamcorper augue a suscipit nulla elit ac nulla', 5),
(480, 'Greenlam 9755', 'id luctus nec molestie sed justo', 4),
(481, 'Zamit 3387', 'ipsum aliquam non mauris morbi', 9),
(482, 'Regrant 1832', 'blandit non interdum in ante vestibulum ante ipsum primis in', 3),
(483, 'Sonsing 4958', 'sem fusce consequat nulla nisl nunc nisl', 8),
(484, 'Zamit 4856', 'primis in faucibus orci luctus et', 6),
(485, 'Voltsillam 0112', 'maecenas pulvinar lobortis est phasellus', 5),
(486, 'Zoolab 1736', 'est risus auctor sed tristique', 5),
(487, 'Span 0831', 'imperdiet sapien urna pretium nisl', 2),
(488, 'Rank 2829', 'amet sapien dignissim vestibulum vestibulum ante ipsum primis in faucibus', 3),
(489, 'Prodder 1138', 'nulla sed vel enim sit amet', 8),
(490, 'Konklab 9038', 'id luctus nec molestie sed justo pellentesque', 3),
(491, 'Tempsoft 0273', 'vestibulum ac est lacinia nisi venenatis tristique fusce congue', 3),
(492, 'Kanlam 1136', 'consequat varius integer ac leo pellentesque', 5),
(493, 'Opela 3254', 'non mauris morbi non lectus aliquam sit amet diam in', 4),
(494, 'Flexidy 7129', 'sed lacus morbi sem mauris laoreet ut', 5),
(495, 'It 3727', 'aliquet at feugiat non pretium quis lectus suspendisse', 3),
(496, 'Flowdesk 6276', 'mauris enim leo rhoncus sed vestibulum sit amet cursus', 5),
(497, 'Andalax 4662', 'odio porttitor id consequat in consequat', 7),
(498, 'Tres-Zap 3141', 'magna vulputate luctus cum sociis', 6),
(499, 'Stringtough 4860', 'enim leo rhoncus sed vestibulum', 6),
(500, 'Quo Lux 7798', 'tempus sit amet sem fusce consequat', 2),
(501, 'Span 4402', 'phasellus id sapien in sapien iaculis congue vivamus metus', 3),
(502, 'Zamit 9306', 'dictumst etiam faucibus cursus urna ut tellus nulla ut erat', 8),
(503, 'Job 8605', 'sapien a libero nam dui', 5),
(504, 'Konklux 2545', 'in consequat ut nulla sed accumsan felis ut', 2),
(505, 'Temp 5826', 'luctus nec molestie sed justo pellentesque viverra', 10),
(506, 'Cookley 7171', 'nulla ac enim in tempor turpis nec euismod scelerisque quam', 1),
(507, 'Zamit 6648', 'odio donec vitae nisi nam ultrices libero', 2),
(508, 'Tin 2623', 'consequat nulla nisl nunc nisl duis bibendum', 9),
(509, 'Otcom 0672', 'nunc vestibulum ante ipsum primis in faucibus orci luctus et', 8),
(510, 'Trippledex 8957', 'nam dui proin leo odio porttitor id consequat', 10),
(511, 'Transcof 9938', 'integer pede justo lacinia eget tincidunt eget tempus vel pede', 1),
(512, 'Stronghold 6574', 'suspendisse accumsan tortor quis turpis sed', 3),
(513, 'Otcom 0270', 'maecenas tristique est et tempus semper', 2),
(514, 'Overhold 6099', 'sem sed sagittis nam congue risus semper', 10),
(515, 'Y-find 3916', 'molestie nibh in lectus pellentesque at nulla suspendisse potenti', 10),
(516, 'Tres-Zap 9426', 'nulla suscipit ligula in lacus curabitur at ipsum', 1),
(517, 'Flowdesk 0415', 'lobortis est phasellus sit amet erat nulla tempus', 3),
(518, 'Fintone 2430', 'nascetur ridiculus mus etiam vel augue vestibulum', 3),
(519, 'Zaam-Dox 5775', 'in sagittis dui vel nisl duis', 9),
(520, 'Konklab 4988', 'ut ultrices vel augue vestibulum ante ipsum primis in faucibus', 3),
(521, 'Overhold 7468', 'id nisl venenatis lacinia aenean sit', 10),
(522, 'Bytecard 7419', 'velit eu est congue elementum in hac habitasse', 2),
(523, 'Tresom 7901', 'luctus et ultrices posuere cubilia curae mauris viverra diam vitae', 1),
(524, 'Overhold 1848', 'sapien non mi integer ac', 9),
(525, 'Stim 5735', 'aliquam sit amet diam in magna bibendum imperdiet nullam', 7),
(526, 'Subin 3007', 'viverra diam vitae quam suspendisse potenti', 8),
(527, 'Treeflex 1640', 'morbi ut odio cras mi pede malesuada in imperdiet', 9),
(528, 'Keylex 2963', 'enim leo rhoncus sed vestibulum', 6),
(529, 'Bigtax 8072', 'pellentesque ultrices phasellus id sapien in sapien iaculis congue vivamus', 2),
(530, 'Pannier 0777', 'mus etiam vel augue vestibulum rutrum rutrum', 9),
(531, 'Flowdesk 2090', 'bibendum morbi non quam nec', 4),
(532, 'Y-find 6967', 'sagittis nam congue risus semper porta volutpat quam pede lobortis', 8),
(533, 'Zoolab 7461', 'eu interdum eu tincidunt in leo', 4),
(534, 'Wrapsafe 3307', 'quisque ut erat curabitur gravida nisi at nibh in hac', 9),
(535, 'It 6801', 'fusce consequat nulla nisl nunc nisl duis', 7),
(536, 'Hatity 1321', 'nulla elit ac nulla sed vel', 9),
(537, 'Domainer 7449', 'tempor convallis nulla neque libero convallis', 7),
(538, 'Andalax 3787', 'id justo sit amet sapien dignissim vestibulum', 9),
(539, 'Mat Lam Tam 9376', 'id pretium iaculis diam erat fermentum justo nec condimentum', 6),
(540, 'Trippledex 7671', 'quis turpis sed ante vivamus tortor', 3),
(541, 'Alpha 4443', 'lectus pellentesque eget nunc donec quis orci eget orci vehicula', 3),
(542, 'Matsoft 1238', 'est phasellus sit amet erat nulla tempus vivamus in felis', 3),
(543, 'Bitwolf 9285', 'in congue etiam justo etiam pretium iaculis justo in', 2),
(544, 'It 1845', 'vehicula consequat morbi a ipsum integer a', 5),
(545, 'Job 1984', 'proin risus praesent lectus vestibulum quam sapien varius', 6),
(546, 'Stringtough 0723', 'ante ipsum primis in faucibus orci luctus', 8),
(547, 'Bitwolf 0947', 'ante vestibulum ante ipsum primis', 5),
(548, 'Mat Lam Tam 7002', 'proin risus praesent lectus vestibulum quam sapien varius ut', 4),
(549, 'Mat Lam Tam 3766', 'sit amet erat nulla tempus vivamus in felis', 1),
(550, 'Home Ing 7298', 'duis ac nibh fusce lacus purus aliquet at feugiat non', 10),
(551, 'Zamit 7096', 'donec quis orci eget orci vehicula condimentum', 9),
(552, 'Alpha 6346', 'in lectus pellentesque at nulla suspendisse potenti cras', 10),
(553, 'Voyatouch 6034', 'erat id mauris vulputate elementum nullam varius nulla', 3),
(554, 'Flexidy 6520', 'justo eu massa donec dapibus duis', 8),
(555, 'Kanlam 8262', 'orci luctus et ultrices posuere', 3),
(556, 'Flexidy 6627', 'consequat in consequat ut nulla sed', 2),
(557, 'Toughjoyfax 8210', 'pellentesque ultrices mattis odio donec vitae nisi nam', 8),
(558, 'Transcof 8784', 'nunc purus phasellus in felis', 6),
(559, 'Bytecard 0069', 'enim blandit mi in porttitor', 5),
(560, 'Fix San 4915', 'orci vehicula condimentum curabitur in libero', 7),
(561, 'Alphazap 4914', 'massa donec dapibus duis at', 10),
(562, 'Ventosanzap 6379', 'vitae consectetuer eget rutrum at lorem', 8),
(563, 'Trippledex 2117', 'in lacus curabitur at ipsum', 9),
(564, 'Fix San 8651', 'integer a nibh in quis justo maecenas rhoncus', 2),
(565, 'Wrapsafe 2767', 'in quis justo maecenas rhoncus aliquam', 5),
(566, 'Sub-Ex 8787', 'non ligula pellentesque ultrices phasellus id sapien', 10),
(567, 'Mat Lam Tam 9595', 'dui proin leo odio porttitor id', 7),
(568, 'Stim 8813', 'pede morbi porttitor lorem id ligula suspendisse ornare consequat', 8),
(569, 'Quo Lux 4326', 'suspendisse potenti cras in purus eu magna', 3),
(570, 'Bamity 0817', 'ac neque duis bibendum morbi non quam nec', 1),
(571, 'Konklab 9108', 'lectus in est risus auctor', 2),
(572, 'Cardguard 3373', 'placerat praesent blandit nam nulla integer pede', 3),
(573, 'Tres-Zap 1282', 'ipsum integer a nibh in quis justo maecenas rhoncus aliquam', 1),
(574, 'Kanlam 8376', 'mauris ullamcorper purus sit amet nulla', 2),
(575, 'Fix San 8633', 'morbi non quam nec dui luctus rutrum nulla tellus', 5),
(576, 'Daltfresh 5836', 'metus arcu adipiscing molestie hendrerit at vulputate vitae nisl aenean', 3),
(577, 'Fintone 8623', 'est phasellus sit amet erat nulla tempus vivamus in felis', 3),
(578, 'Stringtough 7488', 'est risus auctor sed tristique in tempus sit', 8),
(579, 'Tempsoft 3550', 'sapien quis libero nullam sit', 3),
(580, 'Sonsing 0386', 'aliquet at feugiat non pretium', 4),
(581, 'Konklab 5029', 'varius ut blandit non interdum', 8),
(582, 'Bitchip 3337', 'platea dictumst etiam faucibus cursus', 8),
(583, 'Bytecard 5986', 'faucibus cursus urna ut tellus nulla', 8),
(584, 'It 7145', 'arcu adipiscing molestie hendrerit at vulputate', 1),
(585, 'Lotstring 1429', 'nisl ut volutpat sapien arcu sed', 9),
(586, 'Lotlux 2313', 'nunc nisl duis bibendum felis sed interdum venenatis turpis', 5),
(587, 'Duobam 3238', 'lacus at turpis donec posuere metus vitae ipsum aliquam', 7),
(588, 'Temp 4224', 'in blandit ultrices enim lorem ipsum', 4),
(589, 'Stringtough 7428', 'lorem id ligula suspendisse ornare consequat lectus in est', 9),
(590, 'Aerified 5925', 'lacus morbi sem mauris laoreet', 2),
(591, 'Ventosanzap 6813', 'orci mauris lacinia sapien quis libero nullam sit', 10),
(592, 'Stronghold 3145', 'maecenas pulvinar lobortis est phasellus sit amet erat', 3),
(593, 'Daltfresh 8290', 'montes nascetur ridiculus mus etiam vel augue', 9),
(594, 'Namfix 1125', 'donec dapibus duis at velit eu est congue elementum in', 9),
(595, 'Ronstring 6178', 'hendrerit at vulputate vitae nisl aenean lectus pellentesque eget', 7),
(596, 'Konklab 5845', 'et ultrices posuere cubilia curae donec pharetra magna', 4),
(597, 'Overhold 9957', 'interdum mauris ullamcorper purus sit amet nulla', 1),
(598, 'Regrant 4561', 'viverra eget congue eget semper rutrum nulla nunc purus phasellus', 5),
(599, 'Namfix 6631', 'justo eu massa donec dapibus', 5),
(600, 'Tempsoft 7773', 'libero nam dui proin leo', 8),
(601, 'Ronstring 3965', 'quam suspendisse potenti nullam porttitor lacus at turpis donec posuere', 1),
(602, 'Tin 2266', 'eget massa tempor convallis nulla neque', 9),
(603, 'Sub-Ex 9097', 'adipiscing elit proin risus praesent lectus vestibulum quam', 3),
(604, 'Asoka 2983', 'nec dui luctus rutrum nulla tellus', 8),
(605, 'Sonair 0742', 'nisi eu orci mauris lacinia sapien quis', 9),
(606, 'Toughjoyfax 4858', 'amet sem fusce consequat nulla nisl nunc nisl duis', 2),
(607, 'Bamity 3685', 'purus aliquet at feugiat non pretium', 3),
(608, 'Biodex 2746', 'interdum venenatis turpis enim blandit mi in', 6),
(609, 'Aerified 3718', 'blandit non interdum in ante vestibulum ante', 5),
(610, 'Asoka 2531', 'congue diam id ornare imperdiet sapien urna pretium nisl', 7),
(611, 'Prodder 0812', 'imperdiet nullam orci pede venenatis non sodales sed', 7),
(612, 'Prodder 0080', 'aliquam lacus morbi quis tortor id nulla ultrices', 4),
(613, 'Alpha 5819', 'vestibulum ante ipsum primis in faucibus orci luctus et', 7),
(614, 'Andalax 0304', 'interdum mauris ullamcorper purus sit amet nulla quisque arcu libero', 1),
(615, 'Ronstring 8540', 'quis libero nullam sit amet turpis elementum ligula vehicula', 3),
(616, 'Bigtax 6892', 'pede ullamcorper augue a suscipit', 10),
(617, 'Bigtax 9082', 'purus phasellus in felis donec', 4),
(618, 'Fintone 9064', 'facilisi cras non velit nec nisi vulputate', 5),
(619, 'Sub-Ex 9885', 'semper interdum mauris ullamcorper purus sit amet', 9),
(620, 'Tres-Zap 9556', 'ut rhoncus aliquet pulvinar sed', 9),
(621, 'Voyatouch 4000', 'quis libero nullam sit amet turpis elementum ligula vehicula', 4),
(622, 'Bamity 8966', 'lectus suspendisse potenti in eleifend quam', 8),
(623, 'Asoka 1856', 'ligula pellentesque ultrices phasellus id sapien', 5),
(624, 'Zaam-Dox 4783', 'amet diam in magna bibendum imperdiet nullam orci pede venenatis', 2),
(625, 'Fix San 1968', 'curae nulla dapibus dolor vel est donec odio', 10),
(626, 'Bamity 7771', 'interdum eu tincidunt in leo maecenas pulvinar lobortis', 9),
(627, 'Keylex 9727', 'mauris ullamcorper purus sit amet nulla quisque arcu', 4),
(628, 'Sonsing 6153', 'fusce lacus purus aliquet at feugiat', 8),
(629, 'Zathin 6247', 'maecenas tristique est et tempus semper est quam pharetra magna', 7),
(630, 'Flowdesk 1337', 'sapien cum sociis natoque penatibus et magnis dis parturient', 5),
(631, 'Tampflex 2509', 'curabitur convallis duis consequat dui nec nisi volutpat eleifend', 4),
(632, 'Domainer 4970', 'dapibus dolor vel est donec odio justo sollicitudin ut', 10),
(633, 'Prodder 1257', 'eget eros elementum pellentesque quisque porta', 2),
(634, 'Fixflex 1644', 'arcu libero rutrum ac lobortis vel', 1),
(635, 'Stronghold 2600', 'mi sit amet lobortis sapien sapien non mi', 1),
(636, 'Toughjoyfax 8039', 'amet sem fusce consequat nulla nisl nunc nisl', 10),
(637, 'Tresom 9763', 'cubilia curae donec pharetra magna vestibulum', 2),
(638, 'Mat Lam Tam 5362', 'orci mauris lacinia sapien quis libero nullam', 4),
(639, 'Namfix 4014', 'at nulla suspendisse potenti cras in', 10),
(640, 'Wrapsafe 6648', 'blandit ultrices enim lorem ipsum dolor sit amet consectetuer adipiscing', 3),
(641, 'Zoolab 4953', 'in eleifend quam a odio', 3),
(642, 'Zaam-Dox 4828', 'vitae quam suspendisse potenti nullam porttitor lacus at turpis donec', 1),
(643, 'It 0919', 'pede morbi porttitor lorem id', 6),
(644, 'Tin 8593', 'sed justo pellentesque viverra pede ac diam cras', 8),
(645, 'Sonair 3969', 'in consequat ut nulla sed', 10),
(646, 'Sub-Ex 8642', 'lacus morbi quis tortor id nulla ultrices aliquet maecenas leo', 5),
(647, 'Tin 2564', 'vivamus tortor duis mattis egestas metus aenean fermentum', 5),
(648, 'Tresom 9587', 'erat tortor sollicitudin mi sit', 8),
(649, 'Zathin 8724', 'eget semper rutrum nulla nunc', 7),
(650, 'Lotlux 8878', 'felis donec semper sapien a', 3),
(651, 'Kanlam 9021', 'vestibulum ante ipsum primis in faucibus orci luctus', 6),
(652, 'Lotlux 6159', 'at dolor quis odio consequat varius', 4),
(653, 'Keylex 4567', 'justo morbi ut odio cras mi pede malesuada', 4),
(654, 'Holdlamis 6076', 'odio elementum eu interdum eu tincidunt in', 10),
(655, 'Overhold 9423', 'porttitor lacus at turpis donec posuere', 5),
(656, 'Alpha 2574', 'ante vel ipsum praesent blandit', 10),
(657, 'Bitwolf 9202', 'justo aliquam quis turpis eget elit sodales scelerisque mauris sit', 3),
(658, 'Asoka 5362', 'pede lobortis ligula sit amet eleifend', 2),
(659, 'Konklux 5434', 'dapibus augue vel accumsan tellus nisi eu', 1),
(660, 'Cardify 0717', 'ligula vehicula consequat morbi a ipsum integer a nibh', 4),
(661, 'Gembucket 3889', 'non pretium quis lectus suspendisse', 6),
(662, 'Fixflex 2472', 'quis libero nullam sit amet turpis elementum ligula vehicula consequat', 9),
(663, 'Flowdesk 5959', 'eu nibh quisque id justo sit amet sapien dignissim vestibulum', 3),
(664, 'Zoolab 1769', 'ut dolor morbi vel lectus in quam fringilla', 9),
(665, 'Span 3442', 'ac nibh fusce lacus purus aliquet at feugiat non', 8),
(666, 'Flexidy 8840', 'habitasse platea dictumst etiam faucibus cursus urna ut tellus nulla', 7),
(667, 'Latlux 5919', 'rutrum ac lobortis vel dapibus at', 3),
(668, 'Veribet 3484', 'lobortis sapien sapien non mi', 9),
(669, 'Home Ing 1056', 'curabitur convallis duis consequat dui nec nisi volutpat eleifend', 5),
(670, 'Home Ing 0628', 'consequat ut nulla sed accumsan', 5),
(671, 'Flowdesk 5136', 'consequat nulla nisl nunc nisl duis', 7),
(672, 'Zontrax 3543', 'sit amet cursus id turpis integer aliquet massa id lobortis', 2),
(673, 'Ventosanzap 6449', 'nullam molestie nibh in lectus pellentesque at nulla suspendisse potenti', 5),
(674, 'It 9339', 'blandit nam nulla integer pede justo lacinia eget', 6),
(675, 'Rank 9095', 'quis augue luctus tincidunt nulla', 6),
(676, 'Tin 5230', 'feugiat non pretium quis lectus suspendisse', 9),
(677, 'Namfix 8035', 'maecenas rhoncus aliquam lacus morbi quis tortor id nulla', 5),
(678, 'Zathin 4530', 'volutpat sapien arcu sed augue aliquam erat volutpat in', 8),
(679, 'Alphazap 6721', 'praesent blandit lacinia erat vestibulum sed magna', 4),
(680, 'Solarbreeze 9702', 'amet eleifend pede libero quis orci', 2),
(681, 'Zaam-Dox 1695', 'ut erat id mauris vulputate elementum nullam varius nulla', 3),
(682, 'Mat Lam Tam 3752', 'sed augue aliquam erat volutpat in congue', 7),
(683, 'Zoolab 7178', 'aenean fermentum donec ut mauris eget', 2),
(684, 'Sonair 7405', 'cursus vestibulum proin eu mi nulla', 2),
(685, 'Tres-Zap 9186', 'eget semper rutrum nulla nunc purus phasellus in felis', 9),
(686, 'Flowdesk 7546', 'nibh quisque id justo sit amet sapien dignissim vestibulum vestibulum', 10),
(687, 'Y-Solowarm 3497', 'donec pharetra magna vestibulum aliquet ultrices erat tortor sollicitudin', 6),
(688, 'Ventosanzap 4541', 'id nulla ultrices aliquet maecenas leo odio condimentum id luctus', 3),
(689, 'Alphazap 9199', 'elementum eu interdum eu tincidunt in leo maecenas pulvinar', 3),
(690, 'Treeflex 7678', 'luctus nec molestie sed justo pellentesque viverra pede ac diam', 10),
(691, 'Matsoft 1195', 'sed ante vivamus tortor duis mattis egestas', 10),
(692, 'Stim 4070', 'etiam pretium iaculis justo in hac habitasse platea', 9),
(693, 'Fintone 5265', 'felis eu sapien cursus vestibulum proin eu mi nulla', 4),
(694, 'Latlux 4031', 'ante nulla justo aliquam quis', 3),
(695, 'Stronghold 1579', 'vel enim sit amet nunc viverra dapibus nulla suscipit ligula', 9),
(696, 'Home Ing 6978', 'tincidunt nulla mollis molestie lorem', 1),
(697, 'Viva 7728', 'cubilia curae donec pharetra magna vestibulum aliquet', 9),
(698, 'Bitwolf 3719', 'ullamcorper augue a suscipit nulla elit ac', 1),
(699, 'Home Ing 8924', 'bibendum morbi non quam nec dui luctus', 2),
(700, 'Overhold 7688', 'adipiscing elit proin risus praesent lectus vestibulum quam sapien', 5),
(701, 'Aerified 5867', 'enim leo rhoncus sed vestibulum sit amet', 3),
(702, 'Y-find 7215', 'duis at velit eu est congue elementum in', 1),
(703, 'Kanlam 5556', 'sem sed sagittis nam congue risus semper porta volutpat quam', 3),
(704, 'Flowdesk 2276', 'nulla pede ullamcorper augue a suscipit', 7),
(705, 'Y-find 0798', 'orci luctus et ultrices posuere cubilia curae donec', 6),
(706, 'Y-find 9286', 'pede ac diam cras pellentesque volutpat dui maecenas tristique', 5),
(707, 'Voltsillam 5503', 'habitasse platea dictumst maecenas ut massa quis augue', 1),
(708, 'Kanlam 6655', 'viverra dapibus nulla suscipit ligula in lacus curabitur', 1),
(709, 'Voyatouch 1394', 'lorem ipsum dolor sit amet consectetuer adipiscing elit proin', 8),
(710, 'Home Ing 2861', 'dapibus nulla suscipit ligula in lacus', 4),
(711, 'Y-Solowarm 6934', 'rutrum at lorem integer tincidunt ante', 6),
(712, 'Overhold 9542', 'aliquam quis turpis eget elit sodales scelerisque', 8),
(713, 'Konklux 7662', 'lectus in quam fringilla rhoncus mauris enim leo', 3),
(714, 'Namfix 3199', 'justo lacinia eget tincidunt eget tempus vel pede morbi', 8),
(715, 'Lotstring 3450', 'eget eros elementum pellentesque quisque porta volutpat erat quisque erat', 4),
(716, 'Holdlamis 4351', 'vitae mattis nibh ligula nec', 7),
(717, 'Fixflex 5725', 'diam id ornare imperdiet sapien urna pretium nisl ut', 10),
(718, 'Mat Lam Tam 9877', 'elit proin interdum mauris non ligula', 8),
(719, 'Quo Lux 2168', 'justo morbi ut odio cras mi pede malesuada in imperdiet', 10),
(720, 'Alpha 7513', 'sapien in sapien iaculis congue vivamus metus arcu', 1),
(721, 'Bytecard 7710', 'nullam porttitor lacus at turpis', 4),
(722, 'Bigtax 7232', 'consequat varius integer ac leo pellentesque ultrices mattis odio donec', 4),
(723, 'Fintone 6786', 'curabitur convallis duis consequat dui nec nisi', 1),
(724, 'It 7141', 'erat fermentum justo nec condimentum', 2),
(725, 'Viva 0736', 'mauris non ligula pellentesque ultrices phasellus id sapien', 6),
(726, 'Zontrax 7786', 'vestibulum aliquet ultrices erat tortor sollicitudin mi sit amet lobortis', 1),
(727, 'Zathin 4032', 'leo odio condimentum id luctus nec', 5),
(728, 'Redhold 1354', 'a ipsum integer a nibh in quis', 4),
(729, 'Duobam 6997', 'sapien sapien non mi integer ac neque', 5),
(730, 'Overhold 2229', 'augue quam sollicitudin vitae consectetuer eget rutrum', 8),
(731, 'Vagram 6699', 'lobortis est phasellus sit amet erat nulla', 4),
(732, 'Trippledex 9131', 'at nulla suspendisse potenti cras in purus eu magna vulputate', 4),
(733, 'Wrapsafe 2987', 'et ultrices posuere cubilia curae mauris viverra diam', 6),
(734, 'Holdlamis 4871', 'curae donec pharetra magna vestibulum aliquet ultrices erat tortor sollicitudin', 7),
(735, 'Subin 7293', 'ipsum dolor sit amet consectetuer adipiscing elit', 6),
(736, 'Matsoft 0480', 'est quam pharetra magna ac consequat metus sapien ut', 9),
(737, 'Voltsillam 3465', 'non velit donec diam neque vestibulum eget vulputate ut', 6),
(738, 'Tampflex 2977', 'orci luctus et ultrices posuere cubilia curae donec pharetra', 9),
(739, 'Vagram 6854', 'nulla pede ullamcorper augue a suscipit', 6),
(740, 'Wrapsafe 8496', 'vel dapibus at diam nam', 8),
(741, 'Overhold 3272', 'quis augue luctus tincidunt nulla', 7),
(742, 'Vagram 3236', 'enim blandit mi in porttitor', 3),
(743, 'Alpha 0151', 'laoreet ut rhoncus aliquet pulvinar sed nisl', 8),
(744, 'Fintone 7349', 'ligula pellentesque ultrices phasellus id', 2),
(745, 'It 8983', 'vestibulum sit amet cursus id turpis integer aliquet massa', 7),
(746, 'Home Ing 1477', 'mi integer ac neque duis bibendum morbi non quam', 5),
(747, 'Stringtough 4575', 'at velit eu est congue elementum in hac habitasse', 4),
(748, 'Namfix 3414', 'dapibus augue vel accumsan tellus nisi eu', 4),
(749, 'Keylex 0247', 'varius integer ac leo pellentesque ultrices mattis', 6),
(750, 'Fix San 4748', 'quam pharetra magna ac consequat metus sapien ut nunc vestibulum', 8),
(751, 'Tin 9636', 'ut massa volutpat convallis morbi odio', 5),
(752, 'Quo Lux 8526', 'dictumst etiam faucibus cursus urna ut tellus', 5),
(753, 'Sub-Ex 4564', 'volutpat sapien arcu sed augue aliquam erat volutpat', 1),
(754, 'Bitchip 7533', 'porttitor lacus at turpis donec posuere metus', 6),
(755, 'Otcom 4688', 'quam suspendisse potenti nullam porttitor lacus at turpis donec posuere', 7),
(756, 'Stim 0645', 'vestibulum vestibulum ante ipsum primis in faucibus orci', 8),
(757, 'Matsoft 6162', 'venenatis non sodales sed tincidunt eu', 3),
(758, 'Stim 8043', 'ultrices phasellus id sapien in sapien iaculis congue vivamus metus', 2),
(759, 'Opela 6076', 'dis parturient montes nascetur ridiculus mus', 5),
(760, 'Voltsillam 7672', 'turpis donec posuere metus vitae ipsum aliquam non', 3),
(761, 'Bigtax 0658', 'cursus urna ut tellus nulla ut erat id mauris vulputate', 4),
(762, 'Pannier 7444', 'sed ante vivamus tortor duis mattis', 3),
(763, 'Greenlam 9972', 'curabitur in libero ut massa volutpat convallis morbi', 4),
(764, 'Bamity 5370', 'imperdiet nullam orci pede venenatis non', 3),
(765, 'Cardify 1441', 'ante vestibulum ante ipsum primis in faucibus orci luctus et', 10),
(766, 'Temp 9774', 'justo aliquam quis turpis eget', 8),
(767, 'Temp 6827', 'orci luctus et ultrices posuere cubilia curae', 7),
(768, 'Lotlux 9319', 'nunc viverra dapibus nulla suscipit ligula in lacus curabitur', 1),
(769, 'Veribet 4546', 'morbi non lectus aliquam sit amet diam in', 9),
(770, 'Otcom 5558', 'enim blandit mi in porttitor pede justo eu', 4),
(771, 'Asoka 2642', 'mus vivamus vestibulum sagittis sapien cum sociis natoque penatibus', 2),
(772, 'Y-Solowarm 2651', 'est donec odio justo sollicitudin ut suscipit a', 2),
(773, 'Wrapsafe 2679', 'sollicitudin ut suscipit a feugiat et eros vestibulum', 5),
(774, 'Tempsoft 6043', 'nulla ultrices aliquet maecenas leo odio condimentum', 3),
(775, 'Holdlamis 8734', 'magnis dis parturient montes nascetur ridiculus', 8),
(776, 'Y-Solowarm 7701', 'nulla eget eros elementum pellentesque', 3),
(777, 'Fix San 8263', 'lacus curabitur at ipsum ac', 2),
(778, 'Duobam 8320', 'vel lectus in quam fringilla rhoncus mauris enim leo rhoncus', 2),
(779, 'Mat Lam Tam 5429', 'mi in porttitor pede justo eu massa', 1),
(780, 'Rank 9194', 'vel sem sed sagittis nam congue risus semper porta', 10),
(781, 'Prodder 2638', 'etiam pretium iaculis justo in', 10),
(782, 'Zontrax 0365', 'ut mauris eget massa tempor convallis nulla neque', 4),
(783, 'Tampflex 4854', 'nulla quisque arcu libero rutrum ac lobortis vel dapibus', 2),
(784, 'Subin 6171', 'pede morbi porttitor lorem id ligula suspendisse ornare', 5),
(785, 'Zamit 7203', 'diam neque vestibulum eget vulputate ut', 9),
(786, 'Temp 8430', 'quis justo maecenas rhoncus aliquam lacus', 6),
(787, 'Stringtough 1388', 'velit donec diam neque vestibulum', 9),
(788, 'Cookley 1956', 'lacus morbi sem mauris laoreet ut rhoncus', 4),
(789, 'Overhold 5075', 'justo etiam pretium iaculis justo', 5),
(790, 'Voltsillam 1963', 'eros suspendisse accumsan tortor quis turpis sed', 10),
(791, 'Treeflex 0235', 'morbi odio odio elementum eu interdum', 3),
(792, 'Flowdesk 4594', 'maecenas ut massa quis augue luctus tincidunt nulla mollis molestie', 2),
(793, 'Subin 1247', 'proin risus praesent lectus vestibulum quam sapien varius ut blandit', 2),
(794, 'Asoka 2185', 'dolor quis odio consequat varius integer ac', 9),
(795, 'Redhold 8220', 'a libero nam dui proin leo odio porttitor id', 8),
(796, 'Keylex 6987', 'ante ipsum primis in faucibus orci luctus', 4),
(797, 'Aerified 6225', 'justo in hac habitasse platea dictumst etiam', 8),
(798, 'Wrapsafe 4095', 'risus dapibus augue vel accumsan tellus', 9),
(799, 'Zoolab 3279', 'at feugiat non pretium quis lectus suspendisse', 8),
(800, 'Span 6913', 'in blandit ultrices enim lorem ipsum dolor sit amet consectetuer', 8),
(801, 'Rank 9493', 'aliquam non mauris morbi non lectus aliquam sit', 9),
(802, 'Andalax 8242', 'eu nibh quisque id justo', 4),
(803, 'Subin 8064', 'sed ante vivamus tortor duis', 1),
(804, 'Fix San 2963', 'vel pede morbi porttitor lorem id', 6),
(805, 'Bitwolf 7812', 'amet consectetuer adipiscing elit proin risus praesent', 2),
(806, 'Zamit 9300', 'vestibulum ante ipsum primis in faucibus orci luctus et', 8),
(807, 'Mat Lam Tam 5828', 'aliquam non mauris morbi non lectus aliquam sit', 9),
(808, 'Bitchip 3096', 'curae mauris viverra diam vitae quam', 7),
(809, 'Alphazap 2948', 'morbi vel lectus in quam', 5),
(810, 'Quo Lux 9689', 'primis in faucibus orci luctus et', 5),
(811, 'Asoka 9785', 'interdum in ante vestibulum ante', 3),
(812, 'Viva 4573', 'ipsum primis in faucibus orci luctus et ultrices', 8),
(813, 'Cardify 0504', 'lacinia aenean sit amet justo morbi ut odio cras mi', 7),
(814, 'Zathin 1789', 'venenatis lacinia aenean sit amet justo morbi ut odio', 7),
(815, 'Alphazap 8176', 'cubilia curae nulla dapibus dolor vel est donec', 3),
(816, 'Bigtax 6995', 'donec quis orci eget orci vehicula', 1),
(817, 'Alphazap 5232', 'nulla nunc purus phasellus in', 6),
(818, 'Andalax 2593', 'nec condimentum neque sapien placerat ante nulla justo aliquam quis', 6),
(819, 'Greenlam 0796', 'neque aenean auctor gravida sem', 3),
(820, 'Transcof 5888', 'platea dictumst maecenas ut massa quis augue luctus', 8),
(821, 'Domainer 8731', 'massa id lobortis convallis tortor risus dapibus augue', 6),
(822, 'Namfix 1938', 'dignissim vestibulum vestibulum ante ipsum primis', 4),
(823, 'Flexidy 7409', 'justo morbi ut odio cras mi', 2),
(824, 'Tresom 5730', 'augue luctus tincidunt nulla mollis molestie lorem quisque ut erat', 7),
(825, 'Daltfresh 0588', 'odio porttitor id consequat in consequat ut nulla', 10),
(826, 'Fixflex 0097', 'interdum mauris ullamcorper purus sit amet nulla', 7),
(827, 'Flexidy 6422', 'volutpat convallis morbi odio odio elementum eu interdum eu tincidunt', 7),
(828, 'Fix San 9295', 'pede ullamcorper augue a suscipit nulla elit ac', 2),
(829, 'Subin 1640', 'purus phasellus in felis donec', 9),
(830, 'Sonair 9979', 'nulla ut erat id mauris vulputate elementum nullam', 9),
(831, 'Overhold 2212', 'et ultrices posuere cubilia curae mauris', 7),
(832, 'Sonsing 0925', 'eros viverra eget congue eget semper rutrum', 4),
(833, 'Ventosanzap 5607', 'cum sociis natoque penatibus et', 7),
(834, 'Wrapsafe 6278', 'integer non velit donec diam neque', 8),
(835, 'Zontrax 9471', 'placerat ante nulla justo aliquam quis turpis eget', 4),
(836, 'Fixflex 8023', 'sed tristique in tempus sit amet sem fusce consequat', 7),
(837, 'Stronghold 2445', 'tempus semper est quam pharetra magna ac consequat metus', 9),
(838, 'Redhold 6752', 'malesuada in imperdiet et commodo vulputate', 6),
(839, 'Alphazap 3741', 'nonummy integer non velit donec diam neque vestibulum eget', 8),
(840, 'Pannier 7505', 'vel dapibus at diam nam tristique', 1),
(841, 'Y-find 3523', 'a ipsum integer a nibh in quis justo maecenas', 10),
(842, 'Zaam-Dox 0532', 'adipiscing elit proin interdum mauris non ligula pellentesque', 6),
(843, 'Fixflex 1174', 'vestibulum ante ipsum primis in faucibus orci', 4),
(844, 'Redhold 1695', 'pede venenatis non sodales sed', 8),
(845, 'Bytecard 8285', 'tincidunt ante vel ipsum praesent', 5),
(846, 'Y-find 2053', 'lorem quisque ut erat curabitur gravida nisi at nibh in', 7),
(847, 'Keylex 8819', 'massa id lobortis convallis tortor risus dapibus augue', 4),
(848, 'Redhold 3577', 'magnis dis parturient montes nascetur', 8),
(849, 'Biodex 5284', 'laoreet ut rhoncus aliquet pulvinar sed nisl nunc', 10),
(850, 'Aerified 7594', 'consequat metus sapien ut nunc vestibulum ante ipsum primis', 6),
(851, 'Span 9479', 'nonummy integer non velit donec', 6),
(852, 'Tin 4259', 'nulla suspendisse potenti cras in purus eu magna vulputate luctus', 3),
(853, 'Zoolab 6035', 'duis ac nibh fusce lacus', 1),
(854, 'Job 6098', 'vivamus vel nulla eget eros elementum pellentesque quisque porta volutpat', 7),
(855, 'Biodex 6543', 'amet sapien dignissim vestibulum vestibulum', 4),
(856, 'Wrapsafe 6038', 'blandit non interdum in ante vestibulum ante ipsum primis', 4),
(857, 'Viva 1300', 'sit amet nulla quisque arcu libero rutrum ac lobortis', 10),
(858, 'Viva 3000', 'imperdiet nullam orci pede venenatis', 6),
(859, 'Subin 5806', 'eget orci vehicula condimentum curabitur in libero ut massa volutpat', 4),
(860, 'Ronstring 1913', 'habitasse platea dictumst aliquam augue quam sollicitudin vitae consectetuer eget', 8),
(861, 'Stronghold 7610', 'id massa id nisl venenatis', 2),
(862, 'Tin 4778', 'platea dictumst aliquam augue quam sollicitudin', 3),
(863, 'Treeflex 0615', 'lectus pellentesque eget nunc donec', 7),
(864, 'Biodex 7772', 'ultrices vel augue vestibulum ante', 6),
(865, 'Home Ing 5276', 'curabitur gravida nisi at nibh in hac habitasse platea dictumst', 8),
(866, 'Treeflex 6447', 'augue a suscipit nulla elit ac nulla', 1),
(867, 'Alpha 7032', 'quis augue luctus tincidunt nulla mollis', 4),
(868, 'Zathin 8192', 'rhoncus sed vestibulum sit amet cursus', 10),
(869, 'Stronghold 6011', 'quis turpis eget elit sodales', 6),
(870, 'Flowdesk 9330', 'ornare consequat lectus in est risus auctor sed', 10),
(871, 'Bamity 1205', 'fermentum donec ut mauris eget massa tempor', 9),
(872, 'Temp 4739', 'penatibus et magnis dis parturient montes nascetur', 10),
(873, 'Aerified 4051', 'in hac habitasse platea dictumst morbi vestibulum', 8),
(874, 'Solarbreeze 2169', 'vestibulum ante ipsum primis in faucibus', 1),
(875, 'Cardguard 8554', 'varius integer ac leo pellentesque ultrices mattis', 7),
(876, 'Voltsillam 2428', 'vestibulum ante ipsum primis in faucibus orci luctus et', 5),
(877, 'Lotstring 7365', 'velit donec diam neque vestibulum', 10),
(878, 'Subin 4159', 'libero ut massa volutpat convallis morbi odio odio elementum eu', 2),
(879, 'Fix San 8992', 'tincidunt ante vel ipsum praesent blandit lacinia erat vestibulum', 5),
(880, 'Zontrax 9299', 'ut blandit non interdum in', 4),
(881, 'Temp 5593', 'nisi eu orci mauris lacinia sapien quis libero nullam', 6),
(882, 'Konklux 7654', 'in felis donec semper sapien a libero nam', 8),
(883, 'Konklab 7200', 'neque sapien placerat ante nulla justo aliquam', 4),
(884, 'Andalax 1262', 'magnis dis parturient montes nascetur ridiculus', 8),
(885, 'Voltsillam 2142', 'lobortis sapien sapien non mi integer ac neque duis', 2),
(886, 'Cardify 1477', 'sapien quis libero nullam sit amet turpis elementum', 1),
(887, 'Alphazap 6845', 'a odio in hac habitasse platea dictumst maecenas', 6),
(888, 'Zamit 4867', 'a pede posuere nonummy integer non velit donec diam', 10),
(889, 'Bitwolf 3536', 'vestibulum ac est lacinia nisi venenatis', 8),
(890, 'Zathin 8526', 'pretium iaculis justo in hac', 2),
(891, 'Ventosanzap 8892', 'ac consequat metus sapien ut nunc vestibulum', 3),
(892, 'Konklab 3409', 'sit amet sapien dignissim vestibulum vestibulum ante ipsum', 5),
(893, 'Zoolab 0585', 'morbi non quam nec dui luctus', 4),
(894, 'Greenlam 4081', 'lacus at velit vivamus vel nulla eget eros elementum', 7),
(895, 'Tin 9180', 'aliquam quis turpis eget elit sodales scelerisque mauris sit', 6),
(896, 'Zathin 7325', 'tempus vel pede morbi porttitor', 2),
(897, 'Matsoft 1218', 'ornare imperdiet sapien urna pretium nisl', 9),
(898, 'Mat Lam Tam 9848', 'adipiscing elit proin risus praesent', 2),
(899, 'Opela 5854', 'nam ultrices libero non mattis', 5),
(900, 'Voyatouch 7473', 'faucibus orci luctus et ultrices posuere', 7),
(901, 'Alpha 4289', 'lacus at velit vivamus vel nulla eget eros', 9),
(902, 'Mat Lam Tam 8992', 'eget semper rutrum nulla nunc purus phasellus', 2),
(903, 'Zontrax 3545', 'turpis adipiscing lorem vitae mattis nibh ligula nec sem duis', 5),
(904, 'Fixflex 5240', 'praesent id massa id nisl venenatis lacinia aenean sit amet', 6),
(905, 'Otcom 7502', 'hac habitasse platea dictumst maecenas ut', 6),
(906, 'Overhold 9983', 'magna vulputate luctus cum sociis natoque penatibus', 5),
(907, 'Fixflex 0486', 'sit amet consectetuer adipiscing elit proin risus praesent lectus', 7),
(908, 'Tampflex 1169', 'ultrices phasellus id sapien in sapien iaculis congue vivamus metus', 8),
(909, 'Tin 4322', 'tincidunt nulla mollis molestie lorem quisque ut', 8),
(910, 'Pannier 2194', 'in eleifend quam a odio in hac habitasse platea dictumst', 4),
(911, 'Bitwolf 6696', 'nascetur ridiculus mus vivamus vestibulum sagittis sapien cum sociis natoque', 4),
(912, 'Y-Solowarm 9535', 'molestie lorem quisque ut erat curabitur gravida nisi', 8),
(913, 'Daltfresh 5110', 'eu magna vulputate luctus cum sociis natoque penatibus et', 4),
(914, 'Opela 4109', 'platea dictumst aliquam augue quam sollicitudin vitae consectetuer eget rutrum', 7),
(915, 'Konklab 7576', 'ut at dolor quis odio consequat varius integer', 6),
(916, 'Stringtough 7753', 'turpis donec posuere metus vitae ipsum aliquam non mauris', 1),
(917, 'Namfix 6342', 'pulvinar lobortis est phasellus sit amet', 8),
(918, 'Bitwolf 8667', 'posuere cubilia curae nulla dapibus dolor vel est', 10),
(919, 'Prodder 2152', 'vulputate elementum nullam varius nulla facilisi', 3),
(920, 'Bytecard 9806', 'nam congue risus semper porta volutpat quam pede lobortis ligula', 10),
(921, 'Sub-Ex 9142', 'adipiscing molestie hendrerit at vulputate vitae', 1),
(922, 'Alphazap 1858', 'massa id nisl venenatis lacinia aenean sit', 1),
(923, 'Voltsillam 7955', 'volutpat in congue etiam justo etiam', 4),
(924, 'Duobam 8639', 'dapibus nulla suscipit ligula in lacus curabitur at ipsum ac', 4),
(925, 'Treeflex 7273', 'vestibulum sed magna at nunc commodo placerat', 10),
(926, 'Voyatouch 9258', 'tortor quis turpis sed ante vivamus', 7),
(927, 'Bitwolf 7781', 'vestibulum ac est lacinia nisi venenatis tristique fusce congue', 6),
(928, 'Tresom 7742', 'augue aliquam erat volutpat in congue', 4),
(929, 'Span 7621', 'purus eu magna vulputate luctus cum sociis', 10),
(930, 'Rank 4520', 'tortor duis mattis egestas metus aenean fermentum donec ut', 7),
(931, 'Trippledex 7140', 'sapien cursus vestibulum proin eu mi nulla ac enim in', 10),
(932, 'Fix San 5132', 'enim blandit mi in porttitor pede justo eu massa', 6),
(933, 'Bigtax 5440', 'natoque penatibus et magnis dis parturient montes nascetur', 10),
(934, 'Viva 0136', 'sed ante vivamus tortor duis mattis egestas', 1),
(935, 'Sonsing 0880', 'tincidunt lacus at velit vivamus vel', 10),
(936, 'Tres-Zap 5800', 'pede malesuada in imperdiet et commodo vulputate justo in', 7),
(937, 'Holdlamis 2210', 'morbi quis tortor id nulla ultrices aliquet maecenas leo', 6),
(938, 'Flexidy 1058', 'morbi odio odio elementum eu interdum eu tincidunt', 4),
(939, 'Voyatouch 0667', 'curabitur gravida nisi at nibh', 3),
(940, 'Andalax 0789', 'orci luctus et ultrices posuere cubilia curae donec', 7),
(941, 'Stringtough 6112', 'odio curabitur convallis duis consequat dui', 10),
(942, 'Asoka 4822', 'cubilia curae duis faucibus accumsan odio curabitur convallis duis', 5),
(943, 'Aerified 9023', 'ipsum dolor sit amet consectetuer adipiscing', 4),
(944, 'Stronghold 3140', 'volutpat convallis morbi odio odio elementum eu', 7),
(945, 'Viva 0423', 'elit proin interdum mauris non ligula pellentesque ultrices phasellus', 4),
(946, 'Bigtax 0435', 'curae mauris viverra diam vitae quam suspendisse potenti', 8),
(947, 'Span 6281', 'vivamus tortor duis mattis egestas', 10),
(948, 'Job 1167', 'morbi vestibulum velit id pretium', 2),
(949, 'Vagram 7329', 'morbi non quam nec dui luctus', 9),
(950, 'Solarbreeze 3307', 'eget orci vehicula condimentum curabitur', 5),
(951, 'Konklab 0013', 'in tempus sit amet sem fusce consequat nulla nisl', 4),
(952, 'Bitchip 3491', 'ante ipsum primis in faucibus orci luctus et', 3),
(953, 'Cardguard 8378', 'at velit vivamus vel nulla eget eros', 5),
(954, 'Mat Lam Tam 0980', 'mauris laoreet ut rhoncus aliquet pulvinar', 10),
(955, 'Fixflex 2947', 'ante ipsum primis in faucibus', 7),
(956, 'Sonsing 4558', 'scelerisque quam turpis adipiscing lorem vitae mattis nibh', 2),
(957, 'Voltsillam 8094', 'odio elementum eu interdum eu tincidunt in', 2),
(958, 'Alpha 0356', 'accumsan tortor quis turpis sed ante vivamus tortor duis mattis', 9),
(959, 'Quo Lux 9848', 'sed sagittis nam congue risus semper porta volutpat quam pede', 4),
(960, 'Prodder 0015', 'erat nulla tempus vivamus in felis eu sapien cursus vestibulum', 6),
(961, 'Pannier 3540', 'ut ultrices vel augue vestibulum ante ipsum primis', 4),
(962, 'Voltsillam 9322', 'proin at turpis a pede posuere nonummy integer', 7),
(963, 'Veribet 6010', 'lobortis convallis tortor risus dapibus augue vel accumsan tellus nisi', 1),
(964, 'Bitchip 4121', 'pulvinar sed nisl nunc rhoncus dui vel sem', 1),
(965, 'It 2337', 'ante nulla justo aliquam quis turpis', 4),
(966, 'Lotstring 9199', 'nunc donec quis orci eget orci vehicula condimentum curabitur in', 3),
(967, 'Zaam-Dox 8562', 'dis parturient montes nascetur ridiculus mus etiam vel augue vestibulum', 7),
(968, 'Home Ing 0538', 'quis tortor id nulla ultrices aliquet maecenas leo odio', 4),
(969, 'Treeflex 8707', 'adipiscing elit proin interdum mauris non', 2),
(970, 'Toughjoyfax 5548', 'elit ac nulla sed vel enim sit amet nunc viverra', 4),
(971, 'Lotstring 4508', 'integer non velit donec diam neque vestibulum eget vulputate', 10),
(972, 'Kanlam 0491', 'ipsum primis in faucibus orci luctus et ultrices posuere', 10),
(973, 'Lotlux 9540', 'erat fermentum justo nec condimentum neque', 4),
(974, 'Subin 3128', 'at turpis a pede posuere', 7),
(975, 'Bitwolf 5253', 'accumsan tellus nisi eu orci mauris lacinia sapien quis libero', 5),
(976, 'Stringtough 5384', 'rhoncus aliquam lacus morbi quis tortor id nulla ultrices', 10),
(977, 'Sonair 5979', 'semper sapien a libero nam dui', 1),
(978, 'Domainer 3359', 'justo in hac habitasse platea dictumst', 6),
(979, 'Latlux 3298', 'vel augue vestibulum rutrum rutrum neque aenean', 2),
(980, 'Tempsoft 2740', 'nulla nisl nunc nisl duis bibendum', 4),
(981, 'Y-find 9592', 'lacinia sapien quis libero nullam sit amet turpis elementum ligula', 7),
(982, 'Tres-Zap 5591', 'justo maecenas rhoncus aliquam lacus morbi quis tortor id', 5),
(983, 'Trippledex 4217', 'vestibulum ante ipsum primis in faucibus orci', 1),
(984, 'Flowdesk 4998', 'justo aliquam quis turpis eget elit', 3),
(985, 'It 0319', 'velit vivamus vel nulla eget eros elementum pellentesque', 6),
(986, 'Tin 1635', 'tortor duis mattis egestas metus aenean fermentum donec ut mauris', 9),
(987, 'Daltfresh 1379', 'convallis nunc proin at turpis a pede', 5),
(988, 'Hatity 3115', 'tincidunt in leo maecenas pulvinar lobortis est phasellus sit', 3),
(989, 'Zathin 7508', 'odio justo sollicitudin ut suscipit a feugiat', 5),
(990, 'Tres-Zap 8181', 'sagittis dui vel nisl duis', 4),
(991, 'Domainer 4180', 'vulputate elementum nullam varius nulla facilisi cras', 7),
(992, 'Tres-Zap 0882', 'habitasse platea dictumst maecenas ut', 5),
(993, 'Sonsing 9768', 'vel lectus in quam fringilla rhoncus mauris enim', 3),
(994, 'Opela 5805', 'vestibulum ante ipsum primis in faucibus orci luctus et ultrices', 6),
(995, 'Fix San 2167', 'sit amet justo morbi ut odio cras mi', 5),
(996, 'Span 8741', 'vivamus in felis eu sapien cursus', 9),
(997, 'Alphazap 8728', 'mauris sit amet eros suspendisse accumsan tortor quis', 8),
(998, 'Zontrax 4134', 'ipsum primis in faucibus orci', 9),
(999, 'Stringtough 9039', 'tincidunt ante vel ipsum praesent blandit lacinia erat vestibulum sed', 10),
(1000, 'Sonsing 5237', 'lacus morbi quis tortor id nulla', 4);
INSERT INTO zip (zip_code, city, province, country) VALUES 
(99501, 'North Hollywood', 'CA', 'United States'),
(72201, 'Toledo', 'OH', 'United States'),
(94209, 'Lansing', 'MI', 'United States'),
(90001, 'Los Angeles', 'CA', 'United States'),
(84501, 'Amarillo', 'TX', 'United States'),
(67254, 'Augusta', 'GA', 'United States'),
(99426, 'Peoria', 'IL', 'United States'),
(60256, 'Elmira', 'NY', 'United States'),
(72065, 'Saint Louis', 'MO', 'United States'),
(11206, 'Waco', 'TX', 'United States');

INSERT INTO buyer (buyer_id, name, address, zip_code, email) VALUES 
(1, 'Browsezoom', 'MO', 84501, 'htroy0@loc.gov'),
(2, 'Mynte', 'NY', 99501, 'rgoscomb1@sun.com'),
(3, 'Meemm', 'IA', 84501, 'tlancetter2@yale.edu'),
(4, 'Feedmix', 'KY', 60256, 'hbarnfield3@usda.gov'),
(5, 'Linkbridge', 'OR', 99426, 'geverex4@quantcast.com'),
(6, 'Centimia', 'NY', 99426, 'cwherton5@cafepress.com'),
(7, 'Kaymbo', 'TX', 99501, 'aluckin6@cnet.com'),
(8, 'Thoughtbeat', 'MO', 90001, 'mgeibel7@pen.io'),
(9, 'Mymm', 'NC', 60256, 'cpillinger8@fda.gov'),
(10, 'Voolith', 'TX', 60256, 'isuller9@upenn.edu');

INSERT INTO customer (customer_id, first_name, last_name, address, zip_code, email) VALUES 
(1, 'Blair', 'Killingback', '46631 American Ash Plaza', 72065, 'bkillingback0@nsw.gov.au'),
(2, 'Sidney', 'Morlon', '55609 Spenser Place', 72201, 'smorlon1@yale.edu'),
(3, 'Hort', 'Ayllett', '1 Stephen Circle', 60256, 'hayllett2@cpanel.net'),
(4, 'Cecilia', 'Klich', '873 Arrowood Court', 72065, 'cklich3@sakura.ne.jp'),
(5, 'Carri', 'Corrington', '44633 Lien Center', 84501, 'ccorrington4@naver.com'),
(6, 'Merrick', 'Hay', '250 Lerdahl Road', 11206, 'mhay5@1und1.de'),
(7, 'Zorina', 'McAuslene', '7848 Meadow Vale Center', 72065, 'zmcauslene6@walmart.com'),
(8, 'Cindee', 'Nand', '72 Johnson Park', 99501, 'cnand7@gravatar.com'),
(9, 'Zaneta', 'Ravenhill', '0 Eagan Crossing', 11206, 'zravenhill8@pinterest.com'),
(10, 'Charlton', 'Longfield', '25 Cody Avenue', 72201, 'clongfield9@forbes.com'),
(11, 'Orion', 'Vedeshkin', '9003 Forest Circle', 99501, 'ovedeshkina@feedburner.com'),
(12, 'Amalie', 'Phillippo', '783 Marquette Point', 84501, 'aphillippob@fema.gov'),
(13, 'Lalo', 'Faas', '543 Shasta Trail', 99501, 'lfaasc@wordpress.com'),
(14, 'Loni', 'Onions', '010 Maywood Terrace', 94209, 'lonionsd@seattletimes.com'),
(15, 'Tillie', 'Barge', '84536 Pine View Drive', 94209, 'tbargee@icq.com'),
(16, 'Gerry', 'Morrel', '72591 Little Fleur Way', 99426, 'gmorrelf@slashdot.org'),
(17, 'Danny', 'Kowal', '38463 Buhler Lane', 84501, 'dkowalg@wisc.edu'),
(18, 'Cynthia', 'Force', '1748 Sloan Place', 67254, 'cforceh@newsvine.com'),
(19, 'Hyacinthia', 'Morbey', '7 Shoshone Parkway', 99501, 'hmorbeyi@altervista.org'),
(20, 'Friedrick', 'Britzius', '6 Hermina Place', 99501, 'fbritziusj@netvibes.com'),
(21, 'Hobey', 'Verheijden', '0913 Charing Cross Place', 99501, 'hverheijdenk@sourceforge.net'),
(22, 'Pandora', 'Piens', '8086 Porter Street', 67254, 'ppiensl@google.com'),
(23, 'Lindsey', 'Davioud', '3792 Golf Avenue', 11206, 'ldavioudm@youku.com'),
(24, 'Catharine', 'Wolseley', '4237 Bunker Hill Avenue', 60256, 'cwolseleyn@ihg.com'),
(25, 'Joli', 'Balf', '05310 Kensington Center', 99501, 'jbalfo@histats.com'),
(26, 'Friedrick', 'Bordes', '94 Nova Court', 90001, 'fbordesp@tinypic.com'),
(27, 'Margit', 'Audus', '976 David Pass', 90001, 'maudusq@oakley.com'),
(28, 'Collie', 'Commings', '95 Crest Line Avenue', 99426, 'ccommingsr@sciencedirect.com'),
(29, 'Dian', 'Backshaw', '03159 Mendota Crossing', 72201, 'dbackshaws@hubpages.com'),
(30, 'Yvonne', 'Klulik', '8 Paget Court', 99501, 'yklulikt@economist.com'),
(31, 'Mayer', 'Aronowicz', '73 Emmet Way', 90001, 'maronowiczu@de.vu'),
(32, 'Brander', 'Meachen', '38 Bultman Junction', 94209, 'bmeachenv@paypal.com'),
(33, 'Marisa', 'Harman', '27476 Village Way', 99426, 'mharmanw@time.com'),
(34, 'Imogene', 'Hawtry', '5 Union Point', 94209, 'ihawtryx@blogger.com'),
(35, 'Hilliary', 'Phlippi', '6642 Lotheville Drive', 72201, 'hphlippiy@scribd.com'),
(36, 'Delmer', 'Divis', '356 Brown Center', 72201, 'ddivisz@hubpages.com'),
(37, 'Annmarie', 'Rozzell', '233 Prentice Alley', 84501, 'arozzell10@nasa.gov'),
(38, 'Clemens', 'Lefeuvre', '63025 Melrose Street', 72201, 'clefeuvre11@umich.edu'),
(39, 'Bebe', 'Penright', '581 Twin Pines Park', 72065, 'bpenright12@omniture.com'),
(40, 'Abigael', 'Barnish', '576 Lake View Park', 11206, 'abarnish13@cbsnews.com'),
(41, 'Sinclare', 'Borsay', '70 Northwestern Way', 11206, 'sborsay14@fema.gov'),
(42, 'Joeann', 'Mc Comb', '3488 Fair Oaks Park', 60256, 'jmccomb15@slashdot.org'),
(43, 'Selestina', 'Village', '42598 Lighthouse Bay Street', 90001, 'svillage16@cam.ac.uk'),
(44, 'Caryn', 'Beharrell', '9856 Kipling Court', 99501, 'cbeharrell17@yellowbook.com'),
(45, 'Clare', 'Bondy', '370 Cody Trail', 84501, 'cbondy18@odnoklassniki.ru'),
(46, 'Tori', 'Jennaroy', '114 Ruskin Court', 60256, 'tjennaroy19@state.tx.us'),
(47, 'Mechelle', 'Jurasz', '6 Dennis Trail', 99501, 'mjurasz1a@bizjournals.com'),
(48, 'Daphna', 'Galilee', '55094 Hauk Junction', 84501, 'dgalilee1b@economist.com'),
(49, 'Shannan', 'Ruffli', '4 Lawn Lane', 60256, 'sruffli1c@youku.com'),
(50, 'Melodie', 'Battyll', '322 Sutteridge Way', 94209, 'mbattyll1d@vinaora.com'),
(51, 'Pammie', 'Conan', '156 Hollow Ridge Plaza', 60256, 'pconan1e@istockphoto.com'),
(52, 'Row', 'Matuszewski', '267 Petterle Park', 90001, 'rmatuszewski1f@hatena.ne.jp'),
(53, 'Shurwood', 'Troman', '63 Kropf Junction', 67254, 'stroman1g@wisc.edu'),
(54, 'Genia', 'Bourbon', '92390 Kenwood Junction', 72065, 'gbourbon1h@mlb.com'),
(55, 'Ardys', 'Dunning', '9688 Morrow Pass', 60256, 'adunning1i@oracle.com'),
(56, 'Melinde', 'Treven', '8 Miller Place', 60256, 'mtreven1j@myspace.com'),
(57, 'Drucy', 'Gulleford', '202 Atwood Center', 72201, 'dgulleford1k@fema.gov'),
(58, 'Ara', 'Florio', '57 Myrtle Center', 11206, 'aflorio1l@sun.com'),
(59, 'Libbi', 'Gowman', '7384 Nevada Alley', 72065, 'lgowman1m@github.io'),
(60, 'Cullen', 'Piesold', '340 Parkside Terrace', 11206, 'cpiesold1n@boston.com'),
(61, 'Erma', 'Eddie', '59 Dennis Junction', 84501, 'eeddie1o@lycos.com'),
(62, 'Neila', 'Wintersgill', '57 Nelson Road', 72201, 'nwintersgill1p@youtube.com'),
(63, 'Allegra', 'Korlat', '8 Cardinal Road', 60256, 'akorlat1q@netscape.com'),
(64, 'Sybila', 'Emmines', '1004 Red Cloud Avenue', 67254, 'semmines1r@gizmodo.com'),
(65, 'Sandie', 'Clerk', '04 Kenwood Plaza', 11206, 'sclerk1s@t.co'),
(66, 'Noam', 'Ewbanks', '7863 Granby Alley', 72065, 'newbanks1t@comcast.net'),
(67, 'Nickolaus', 'Basill', '9525 6th Pass', 90001, 'nbasill1u@cisco.com'),
(68, 'Raleigh', 'Oldham', '101 Petterle Point', 99501, 'roldham1v@apache.org'),
(69, 'Dulsea', 'Carleton', '88947 Randy Point', 99501, 'dcarleton1w@soup.io'),
(70, 'Lanie', 'Greedy', '2508 Tennessee Hill', 99501, 'lgreedy1x@booking.com'),
(71, 'Clemente', 'Senter', '62234 Hoepker Alley', 72201, 'csenter1y@samsung.com'),
(72, 'Octavius', 'Cresswell', '227 Ronald Regan Drive', 84501, 'ocresswell1z@t-online.de'),
(73, 'Kaitlynn', 'Boschmann', '24 Daystar Way', 90001, 'kboschmann20@is.gd'),
(74, 'Daphene', 'Langlands', '38 Duke Avenue', 90001, 'dlanglands21@npr.org'),
(75, 'Todd', 'Fishenden', '64 Dixon Circle', 72201, 'tfishenden22@drupal.org'),
(76, 'Lenna', 'Thorowgood', '44367 Pierstorff Point', 60256, 'lthorowgood23@elpais.com'),
(77, 'Vivi', 'Kohring', '2678 Emmet Trail', 72201, 'vkohring24@ftc.gov'),
(78, 'Nita', 'Jestico', '10443 Holy Cross Center', 60256, 'njestico25@skyrock.com'),
(79, 'Nahum', 'Pietraszek', '36 Jenna Terrace', 90001, 'npietraszek26@rakuten.co.jp'),
(80, 'Eugenie', 'Aire', '218 Cherokee Point', 60256, 'eaire27@t.co'),
(81, 'Delainey', 'Blair', '52 Ridge Oak Way', 99426, 'dblair28@stanford.edu'),
(82, 'Liam', 'Heathcott', '1 Farmco Trail', 72065, 'lheathcott29@booking.com'),
(83, 'Lem', 'Gatty', '127 Maple Wood Avenue', 90001, 'lgatty2a@people.com.cn'),
(84, 'Clem', 'Leatham', '1120 Dayton Terrace', 99426, 'cleatham2b@cafepress.com'),
(85, 'Deb', 'Kilmurry', '4 Esch Lane', 99501, 'dkilmurry2c@tumblr.com'),
(86, 'Morrie', 'Senten', '32151 Loomis Pass', 90001, 'msenten2d@diigo.com'),
(87, 'Remy', 'Jolliman', '0 Crest Line Place', 94209, 'rjolliman2e@thetimes.co.uk'),
(88, 'Sigismond', 'Tribble', '72 Mcbride Trail', 72065, 'stribble2f@biglobe.ne.jp'),
(89, 'Charlie', 'Carrol', '54 Holy Cross Court', 60256, 'ccarrol2g@redcross.org'),
(90, 'Heda', 'Vaney', '913 Brentwood Avenue', 99501, 'hvaney2h@tinypic.com'),
(91, 'Merrick', 'Farfalameev', '17 Springview Center', 67254, 'mfarfalameev2i@wix.com'),
(92, 'Fulton', 'Swancock', '08734 Walton Alley', 72201, 'fswancock2j@slate.com'),
(93, 'Dorothea', 'Vossgen', '00274 Warrior Alley', 99501, 'dvossgen2k@nasa.gov'),
(94, 'Skippy', 'Reditt', '02975 4th Terrace', 72065, 'sreditt2l@vk.com'),
(95, 'Hannah', 'Bedder', '0677 Bobwhite Trail', 94209, 'hbedder2m@taobao.com'),
(96, 'Andy', 'Whye', '31378 Claremont Alley', 84501, 'awhye2n@marketwatch.com'),
(97, 'Lorain', 'Pridding', '38 Declaration Trail', 94209, 'lpridding2o@com.com'),
(98, 'Lynsey', 'Bartlett', '998 Hudson Junction', 60256, 'lbartlett2p@sourceforge.net'),
(99, 'Gracia', 'MacMearty', '595 Anzinger Park', 94209, 'gmacmearty2q@cbc.ca'),
(100, 'Burnaby', 'Ovid', '8702 Pankratz Way', 11206, 'bovid2r@ustream.tv');

INSERT INTO stock (stock_id, product_id, quantity, price_each) VALUES 
(1, 1, 17, 682.04),
(2, 2, 11, 992.57),
(3, 3, 32, 90.74),
(4, 4, 44, 53.21),
(5, 5, 8, 141.9),
(6, 6, 31, 572.54),
(7, 7, 20, 91.59),
(8, 8, 42, 593.73),
(9, 9, 41, 766.12),
(10, 10, 12, 851.47),
(11, 11, 38, 726.46),
(12, 12, 26, 135.86),
(13, 13, 28, 927.29),
(14, 14, 8, 205.75),
(15, 15, 8, 109.29),
(16, 16, 22, 115.85),
(17, 17, 31, 857.45),
(18, 18, 25, 428.54),
(19, 19, 1, 410.2),
(20, 20, 3, 522.53),
(21, 21, 3, 492.98),
(22, 22, 38, 169.71),
(23, 23, 34, 922.32),
(24, 24, 8, 795.15),
(25, 25, 0, 340.99),
(26, 26, 3, 466.09),
(27, 27, 39, 746.44),
(28, 28, 14, 986.39),
(29, 29, 45, 257.7),
(30, 30, 4, 789.15),
(31, 31, 3, 489.97),
(32, 32, 19, 247.02),
(33, 33, 6, 707.78),
(34, 34, 2, 997.29),
(35, 35, 9, 80.02),
(36, 36, 42, 404.51),
(37, 37, 50, 809.56),
(38, 38, 20, 962.43),
(39, 39, 47, 347.18),
(40, 40, 24, 696.91),
(41, 41, 0, 72.19),
(42, 42, 13, 334.88),
(43, 43, 6, 696.15),
(44, 44, 36, 144.76),
(45, 45, 48, 751.7),
(46, 46, 11, 304.54),
(47, 47, 21, 987.48),
(48, 48, 26, 146.87),
(49, 49, 20, 578.58),
(50, 50, 42, 248.19),
(51, 51, 45, 441.5),
(52, 52, 14, 716.57),
(53, 53, 45, 718.94),
(54, 54, 49, 753.36),
(55, 55, 37, 721.49),
(56, 56, 25, 836.24),
(57, 57, 28, 607.3),
(58, 58, 33, 819.19),
(59, 59, 9, 241.54),
(60, 60, 24, 772.1),
(61, 61, 18, 602.6),
(62, 62, 21, 763.65),
(63, 63, 35, 306.29),
(64, 64, 2, 204.93),
(65, 65, 42, 550.98),
(66, 66, 50, 617.49),
(67, 67, 21, 160.66),
(68, 68, 18, 949.68),
(69, 69, 42, 708.91),
(70, 70, 17, 69.62),
(71, 71, 14, 720.49),
(72, 72, 22, 440.96),
(73, 73, 27, 625.12),
(74, 74, 35, 738.21),
(75, 75, 49, 179.93),
(76, 76, 22, 161.28),
(77, 77, 27, 318.87),
(78, 78, 24, 893.09),
(79, 79, 8, 832.11),
(80, 80, 15, 754.65),
(81, 81, 50, 562.81),
(82, 82, 15, 480.69),
(83, 83, 46, 563.24),
(84, 84, 24, 243.61),
(85, 85, 10, 825.05),
(86, 86, 42, 503.38),
(87, 87, 33, 456.82),
(88, 88, 29, 71.36),
(89, 89, 23, 270.37),
(90, 90, 47, 937.74),
(91, 91, 36, 824.7),
(92, 92, 30, 423.24),
(93, 93, 5, 766.9),
(94, 94, 10, 182.7),
(95, 95, 2, 592.96),
(96, 96, 24, 403.71),
(97, 97, 29, 118.51),
(98, 98, 16, 949.51),
(99, 99, 43, 127.93),
(100, 100, 36, 627.06),
(101, 101, 15, 505.93),
(102, 102, 16, 123.13),
(103, 103, 24, 833.53),
(104, 104, 3, 803.47),
(105, 105, 39, 428.54),
(106, 106, 33, 495.45),
(107, 107, 22, 725.64),
(108, 108, 45, 876.37),
(109, 109, 10, 366.09),
(110, 110, 50, 539.59),
(111, 111, 23, 239.17),
(112, 112, 16, 484.57),
(113, 113, 24, 252.06),
(114, 114, 1, 106.27),
(115, 115, 38, 69.09),
(116, 116, 39, 346.76),
(117, 117, 19, 561.86),
(118, 118, 20, 853.0),
(119, 119, 25, 993.74),
(120, 120, 5, 722.93),
(121, 121, 9, 705.66),
(122, 122, 26, 808.55),
(123, 123, 24, 519.82),
(124, 124, 3, 496.02),
(125, 125, 4, 605.09),
(126, 126, 13, 866.44),
(127, 127, 49, 503.7),
(128, 128, 21, 342.3),
(129, 129, 27, 938.72),
(130, 130, 23, 813.73),
(131, 131, 43, 470.26),
(132, 132, 4, 201.99),
(133, 133, 12, 756.82),
(134, 134, 28, 184.28),
(135, 135, 1, 233.76),
(136, 136, 6, 978.23),
(137, 137, 25, 742.85),
(138, 138, 44, 311.42),
(139, 139, 26, 978.98),
(140, 140, 33, 713.39),
(141, 141, 13, 531.51),
(142, 142, 2, 508.83),
(143, 143, 26, 477.37),
(144, 144, 8, 427.99),
(145, 145, 11, 602.71),
(146, 146, 14, 316.3),
(147, 147, 8, 932.83),
(148, 148, 17, 200.28),
(149, 149, 26, 488.21),
(150, 150, 30, 810.93),
(151, 151, 1, 177.32),
(152, 152, 3, 204.82),
(153, 153, 0, 312.41),
(154, 154, 40, 715.42),
(155, 155, 29, 474.84),
(156, 156, 50, 609.2),
(157, 157, 50, 729.85),
(158, 158, 14, 653.12),
(159, 159, 19, 738.96),
(160, 160, 35, 236.82),
(161, 161, 25, 104.7),
(162, 162, 31, 562.33),
(163, 163, 17, 826.28),
(164, 164, 35, 515.37),
(165, 165, 43, 266.67),
(166, 166, 5, 876.91),
(167, 167, 34, 244.57),
(168, 168, 46, 560.9),
(169, 169, 39, 423.81),
(170, 170, 12, 763.07),
(171, 171, 43, 489.23),
(172, 172, 31, 794.0),
(173, 173, 10, 70.93),
(174, 174, 44, 522.2),
(175, 175, 3, 889.37),
(176, 176, 1, 534.72),
(177, 177, 4, 290.77),
(178, 178, 8, 181.23),
(179, 179, 6, 521.72),
(180, 180, 27, 809.77),
(181, 181, 16, 888.34),
(182, 182, 30, 782.35),
(183, 183, 32, 744.2),
(184, 184, 30, 789.16),
(185, 185, 36, 961.24),
(186, 186, 27, 866.71),
(187, 187, 41, 361.85),
(188, 188, 40, 148.1),
(189, 189, 26, 313.89),
(190, 190, 29, 548.19),
(191, 191, 24, 633.74),
(192, 192, 24, 420.23),
(193, 193, 49, 667.33),
(194, 194, 0, 941.18),
(195, 195, 47, 932.37),
(196, 196, 4, 482.73),
(197, 197, 50, 767.96),
(198, 198, 25, 936.44),
(199, 199, 21, 665.86),
(200, 200, 10, 776.2),
(201, 201, 13, 238.09),
(202, 202, 25, 392.78),
(203, 203, 13, 444.06),
(204, 204, 46, 289.91),
(205, 205, 18, 740.96),
(206, 206, 10, 541.1),
(207, 207, 32, 707.36),
(208, 208, 45, 439.77),
(209, 209, 18, 511.68),
(210, 210, 8, 725.08),
(211, 211, 8, 439.67),
(212, 212, 10, 547.52),
(213, 213, 39, 237.28),
(214, 214, 18, 96.11),
(215, 215, 17, 657.45),
(216, 216, 12, 231.63),
(217, 217, 23, 796.91),
(218, 218, 35, 228.89),
(219, 219, 33, 998.23),
(220, 220, 26, 656.67),
(221, 221, 13, 936.88),
(222, 222, 23, 688.56),
(223, 223, 14, 904.01),
(224, 224, 39, 826.43),
(225, 225, 7, 542.81),
(226, 226, 36, 81.61),
(227, 227, 33, 209.08),
(228, 228, 5, 249.47),
(229, 229, 6, 188.04),
(230, 230, 27, 278.67),
(231, 231, 1, 794.67),
(232, 232, 37, 682.8),
(233, 233, 39, 548.85),
(234, 234, 39, 654.78),
(235, 235, 34, 915.81),
(236, 236, 14, 563.98),
(237, 237, 17, 221.36),
(238, 238, 9, 665.48),
(239, 239, 47, 69.79),
(240, 240, 48, 429.93),
(241, 241, 36, 931.03),
(242, 242, 18, 256.97),
(243, 243, 50, 532.16),
(244, 244, 24, 492.22),
(245, 245, 47, 281.9),
(246, 246, 50, 156.18),
(247, 247, 17, 210.63),
(248, 248, 20, 996.76),
(249, 249, 44, 162.03),
(250, 250, 32, 272.44),
(251, 251, 6, 370.06),
(252, 252, 15, 600.3),
(253, 253, 45, 139.45),
(254, 254, 43, 722.03),
(255, 255, 45, 553.61),
(256, 256, 2, 771.38),
(257, 257, 46, 402.23),
(258, 258, 12, 885.19),
(259, 259, 7, 415.72),
(260, 260, 32, 160.71),
(261, 261, 37, 476.92),
(262, 262, 15, 732.46),
(263, 263, 35, 691.07),
(264, 264, 50, 407.22),
(265, 265, 13, 802.84),
(266, 266, 35, 65.94),
(267, 267, 5, 833.5),
(268, 268, 16, 516.92),
(269, 269, 40, 972.96),
(270, 270, 2, 779.56),
(271, 271, 8, 235.61),
(272, 272, 30, 554.67),
(273, 273, 5, 227.07),
(274, 274, 18, 273.95),
(275, 275, 8, 437.8),
(276, 276, 46, 86.37),
(277, 277, 10, 322.26),
(278, 278, 12, 169.24),
(279, 279, 20, 622.0),
(280, 280, 8, 127.04),
(281, 281, 15, 772.72),
(282, 282, 19, 502.03),
(283, 283, 20, 468.33),
(284, 284, 7, 115.84),
(285, 285, 18, 883.55),
(286, 286, 28, 236.03),
(287, 287, 36, 261.88),
(288, 288, 42, 57.08),
(289, 289, 40, 590.86),
(290, 290, 14, 974.52),
(291, 291, 20, 266.39),
(292, 292, 19, 126.93),
(293, 293, 24, 779.18),
(294, 294, 20, 85.49),
(295, 295, 21, 413.28),
(296, 296, 42, 898.06),
(297, 297, 22, 194.43),
(298, 298, 11, 273.31),
(299, 299, 40, 64.51),
(300, 300, 9, 215.5),
(301, 301, 8, 894.37),
(302, 302, 38, 630.49),
(303, 303, 18, 508.18),
(304, 304, 44, 500.47),
(305, 305, 42, 770.75),
(306, 306, 14, 134.82),
(307, 307, 36, 570.08),
(308, 308, 3, 657.24),
(309, 309, 29, 320.15),
(310, 310, 13, 908.01),
(311, 311, 47, 422.1),
(312, 312, 47, 318.75),
(313, 313, 2, 630.72),
(314, 314, 25, 629.69),
(315, 315, 36, 197.61),
(316, 316, 42, 943.08),
(317, 317, 24, 728.16),
(318, 318, 6, 756.62),
(319, 319, 28, 580.66),
(320, 320, 20, 320.97),
(321, 321, 30, 941.72),
(322, 322, 2, 425.17),
(323, 323, 49, 872.65),
(324, 324, 41, 572.6),
(325, 325, 46, 721.27),
(326, 326, 38, 220.64),
(327, 327, 49, 675.27),
(328, 328, 27, 813.5),
(329, 329, 28, 531.47),
(330, 330, 25, 315.58),
(331, 331, 6, 804.12),
(332, 332, 25, 436.23),
(333, 333, 39, 470.71),
(334, 334, 34, 929.81),
(335, 335, 13, 501.02),
(336, 336, 5, 438.54),
(337, 337, 44, 238.76),
(338, 338, 48, 798.27),
(339, 339, 49, 649.79),
(340, 340, 29, 797.17),
(341, 341, 48, 693.65),
(342, 342, 13, 727.56),
(343, 343, 26, 603.54),
(344, 344, 4, 592.09),
(345, 345, 14, 686.79),
(346, 346, 19, 807.76),
(347, 347, 12, 983.33),
(348, 348, 34, 987.92),
(349, 349, 1, 159.68),
(350, 350, 9, 921.25),
(351, 351, 28, 228.57),
(352, 352, 50, 780.73),
(353, 353, 12, 109.03),
(354, 354, 22, 194.41),
(355, 355, 7, 721.23),
(356, 356, 0, 572.9),
(357, 357, 32, 244.92),
(358, 358, 43, 287.8),
(359, 359, 42, 50.13),
(360, 360, 0, 357.29),
(361, 361, 13, 610.58),
(362, 362, 12, 952.44),
(363, 363, 25, 880.96),
(364, 364, 16, 658.24),
(365, 365, 45, 992.43),
(366, 366, 33, 358.68),
(367, 367, 17, 241.61),
(368, 368, 35, 540.82),
(369, 369, 7, 549.21),
(370, 370, 37, 694.04),
(371, 371, 11, 325.48),
(372, 372, 5, 322.36),
(373, 373, 10, 852.38),
(374, 374, 14, 975.62),
(375, 375, 41, 69.84),
(376, 376, 13, 64.44),
(377, 377, 46, 665.16),
(378, 378, 29, 490.93),
(379, 379, 38, 232.62),
(380, 380, 47, 204.37),
(381, 381, 38, 243.23),
(382, 382, 1, 666.18),
(383, 383, 39, 574.15),
(384, 384, 9, 980.11),
(385, 385, 46, 556.55),
(386, 386, 23, 907.69),
(387, 387, 48, 110.43),
(388, 388, 12, 148.38),
(389, 389, 26, 185.94),
(390, 390, 2, 863.72),
(391, 391, 37, 489.36),
(392, 392, 29, 207.0),
(393, 393, 38, 177.06),
(394, 394, 32, 962.87),
(395, 395, 43, 897.73),
(396, 396, 11, 910.54),
(397, 397, 49, 850.45),
(398, 398, 48, 75.46),
(399, 399, 0, 559.27),
(400, 400, 28, 148.73),
(401, 401, 17, 337.03),
(402, 402, 20, 974.71),
(403, 403, 41, 697.55),
(404, 404, 36, 296.25),
(405, 405, 15, 934.69),
(406, 406, 11, 919.5),
(407, 407, 34, 873.92),
(408, 408, 45, 553.16),
(409, 409, 13, 658.83),
(410, 410, 14, 482.51),
(411, 411, 29, 136.17),
(412, 412, 39, 902.04),
(413, 413, 27, 659.81),
(414, 414, 46, 432.29),
(415, 415, 18, 545.79),
(416, 416, 30, 390.03),
(417, 417, 41, 103.59),
(418, 418, 46, 282.98),
(419, 419, 46, 586.34),
(420, 420, 29, 540.44),
(421, 421, 32, 968.01),
(422, 422, 49, 529.34),
(423, 423, 48, 685.58),
(424, 424, 44, 514.87),
(425, 425, 46, 192.23),
(426, 426, 41, 889.69),
(427, 427, 43, 795.04),
(428, 428, 11, 522.19),
(429, 429, 48, 180.92),
(430, 430, 32, 678.66),
(431, 431, 12, 569.02),
(432, 432, 26, 291.59),
(433, 433, 9, 897.81),
(434, 434, 34, 900.05),
(435, 435, 41, 414.95),
(436, 436, 32, 592.09),
(437, 437, 14, 919.73),
(438, 438, 8, 634.84),
(439, 439, 5, 731.51),
(440, 440, 19, 351.81),
(441, 441, 36, 903.04),
(442, 442, 19, 349.26),
(443, 443, 18, 882.3),
(444, 444, 20, 551.62),
(445, 445, 28, 365.91),
(446, 446, 45, 925.97),
(447, 447, 20, 781.35),
(448, 448, 13, 530.21),
(449, 449, 35, 825.16),
(450, 450, 50, 148.93),
(451, 451, 13, 813.33),
(452, 452, 45, 898.27),
(453, 453, 18, 797.58),
(454, 454, 7, 58.79),
(455, 455, 22, 303.57),
(456, 456, 41, 528.17),
(457, 457, 22, 717.82),
(458, 458, 38, 304.84),
(459, 459, 0, 643.78),
(460, 460, 2, 618.68),
(461, 461, 2, 824.51),
(462, 462, 37, 397.8),
(463, 463, 43, 343.69),
(464, 464, 10, 844.85),
(465, 465, 12, 648.58),
(466, 466, 22, 343.87),
(467, 467, 11, 108.17),
(468, 468, 13, 930.39),
(469, 469, 45, 370.87),
(470, 470, 36, 903.55),
(471, 471, 0, 510.68),
(472, 472, 44, 541.74),
(473, 473, 25, 214.59),
(474, 474, 30, 772.32),
(475, 475, 48, 198.76),
(476, 476, 28, 439.77),
(477, 477, 13, 440.83),
(478, 478, 3, 873.28),
(479, 479, 24, 119.32),
(480, 480, 46, 869.31),
(481, 481, 32, 307.97),
(482, 482, 32, 832.12),
(483, 483, 44, 266.82),
(484, 484, 24, 599.2),
(485, 485, 37, 283.72),
(486, 486, 23, 876.58),
(487, 487, 7, 765.63),
(488, 488, 30, 732.39),
(489, 489, 45, 678.44),
(490, 490, 15, 937.73),
(491, 491, 20, 877.41),
(492, 492, 3, 896.23),
(493, 493, 20, 410.97),
(494, 494, 3, 966.98),
(495, 495, 26, 246.14),
(496, 496, 24, 327.49),
(497, 497, 7, 804.05),
(498, 498, 14, 745.09),
(499, 499, 38, 329.42),
(500, 500, 2, 568.11),
(501, 501, 33, 156.24),
(502, 502, 5, 108.76),
(503, 503, 39, 320.12),
(504, 504, 9, 280.85),
(505, 505, 46, 65.41),
(506, 506, 1, 268.54),
(507, 507, 41, 305.81),
(508, 508, 31, 101.1),
(509, 509, 3, 204.71),
(510, 510, 14, 900.76),
(511, 511, 42, 948.38),
(512, 512, 0, 922.01),
(513, 513, 46, 553.28),
(514, 514, 7, 499.52),
(515, 515, 21, 590.52),
(516, 516, 26, 844.39),
(517, 517, 45, 115.91),
(518, 518, 27, 221.99),
(519, 519, 2, 191.22),
(520, 520, 48, 338.3),
(521, 521, 20, 993.56),
(522, 522, 6, 332.65),
(523, 523, 31, 852.42),
(524, 524, 40, 962.21),
(525, 525, 16, 202.13),
(526, 526, 33, 700.04),
(527, 527, 8, 479.05),
(528, 528, 9, 185.69),
(529, 529, 27, 395.65),
(530, 530, 32, 71.38),
(531, 531, 26, 596.76),
(532, 532, 6, 689.91),
(533, 533, 50, 293.11),
(534, 534, 15, 660.78),
(535, 535, 7, 309.14),
(536, 536, 22, 105.09),
(537, 537, 39, 864.52),
(538, 538, 19, 570.28),
(539, 539, 47, 487.33),
(540, 540, 7, 806.26),
(541, 541, 49, 598.09),
(542, 542, 7, 999.27),
(543, 543, 44, 359.11),
(544, 544, 16, 255.34),
(545, 545, 49, 528.99),
(546, 546, 37, 137.01),
(547, 547, 7, 223.61),
(548, 548, 13, 408.81),
(549, 549, 38, 401.21),
(550, 550, 46, 903.16),
(551, 551, 15, 421.14),
(552, 552, 23, 623.48),
(553, 553, 42, 988.47),
(554, 554, 2, 238.83),
(555, 555, 10, 792.81),
(556, 556, 25, 485.28),
(557, 557, 8, 130.75),
(558, 558, 44, 70.74),
(559, 559, 2, 815.79),
(560, 560, 16, 142.17),
(561, 561, 32, 726.35),
(562, 562, 5, 907.24),
(563, 563, 33, 75.36),
(564, 564, 18, 616.1),
(565, 565, 12, 460.59),
(566, 566, 50, 243.87),
(567, 567, 35, 94.91),
(568, 568, 5, 846.96),
(569, 569, 38, 567.49),
(570, 570, 19, 552.11),
(571, 571, 35, 91.08),
(572, 572, 24, 984.45),
(573, 573, 38, 72.88),
(574, 574, 23, 157.58),
(575, 575, 47, 603.28),
(576, 576, 19, 148.49),
(577, 577, 29, 326.35),
(578, 578, 41, 84.85),
(579, 579, 24, 107.7),
(580, 580, 12, 751.38),
(581, 581, 6, 82.57),
(582, 582, 41, 955.08),
(583, 583, 0, 643.59),
(584, 584, 19, 939.16),
(585, 585, 31, 669.97),
(586, 586, 38, 705.73),
(587, 587, 40, 819.66),
(588, 588, 41, 645.63),
(589, 589, 43, 100.05),
(590, 590, 22, 750.28),
(591, 591, 31, 131.11),
(592, 592, 28, 676.81),
(593, 593, 4, 791.35),
(594, 594, 5, 981.71),
(595, 595, 4, 199.81),
(596, 596, 14, 51.39),
(597, 597, 28, 921.38),
(598, 598, 46, 449.54),
(599, 599, 9, 851.43),
(600, 600, 34, 637.91),
(601, 601, 12, 740.87),
(602, 602, 46, 124.39),
(603, 603, 15, 739.59),
(604, 604, 25, 484.96),
(605, 605, 21, 354.04),
(606, 606, 47, 66.21),
(607, 607, 20, 530.05),
(608, 608, 24, 799.67),
(609, 609, 28, 987.53),
(610, 610, 18, 730.28),
(611, 611, 50, 277.84),
(612, 612, 32, 59.94),
(613, 613, 19, 189.17),
(614, 614, 0, 442.82),
(615, 615, 32, 702.34),
(616, 616, 36, 450.81),
(617, 617, 15, 881.93),
(618, 618, 0, 707.52),
(619, 619, 22, 351.71),
(620, 620, 14, 896.13),
(621, 621, 49, 898.7),
(622, 622, 18, 178.87),
(623, 623, 36, 428.17),
(624, 624, 46, 448.28),
(625, 625, 27, 823.9),
(626, 626, 24, 955.08),
(627, 627, 43, 664.45),
(628, 628, 8, 408.79),
(629, 629, 5, 724.95),
(630, 630, 31, 71.44),
(631, 631, 34, 667.84),
(632, 632, 32, 619.38),
(633, 633, 28, 424.74),
(634, 634, 50, 666.69),
(635, 635, 4, 994.68),
(636, 636, 43, 995.33),
(637, 637, 40, 563.92),
(638, 638, 16, 386.28),
(639, 639, 1, 847.54),
(640, 640, 19, 117.85),
(641, 641, 4, 328.12),
(642, 642, 41, 308.08),
(643, 643, 31, 237.59),
(644, 644, 6, 707.79),
(645, 645, 24, 969.74),
(646, 646, 10, 630.71),
(647, 647, 48, 381.43),
(648, 648, 14, 275.14),
(649, 649, 40, 991.85),
(650, 650, 22, 757.23),
(651, 651, 0, 889.83),
(652, 652, 21, 187.01),
(653, 653, 21, 173.39),
(654, 654, 8, 837.1),
(655, 655, 22, 422.74),
(656, 656, 46, 81.85),
(657, 657, 9, 312.64),
(658, 658, 0, 979.75),
(659, 659, 10, 636.77),
(660, 660, 50, 612.11),
(661, 661, 47, 651.61),
(662, 662, 43, 348.06),
(663, 663, 8, 279.63),
(664, 664, 1, 667.66),
(665, 665, 23, 880.46),
(666, 666, 8, 619.46),
(667, 667, 38, 419.81),
(668, 668, 38, 127.97),
(669, 669, 29, 519.39),
(670, 670, 15, 819.94),
(671, 671, 47, 435.37),
(672, 672, 35, 389.11),
(673, 673, 35, 575.02),
(674, 674, 24, 384.36),
(675, 675, 27, 899.26),
(676, 676, 45, 319.23),
(677, 677, 19, 70.49),
(678, 678, 7, 167.27),
(679, 679, 3, 569.84),
(680, 680, 40, 522.33),
(681, 681, 4, 960.88),
(682, 682, 46, 639.99),
(683, 683, 4, 826.69),
(684, 684, 11, 655.64),
(685, 685, 43, 742.19),
(686, 686, 44, 597.51),
(687, 687, 47, 912.41),
(688, 688, 15, 68.73),
(689, 689, 34, 778.83),
(690, 690, 19, 956.07),
(691, 691, 13, 677.99),
(692, 692, 25, 937.59),
(693, 693, 10, 242.44),
(694, 694, 23, 577.04),
(695, 695, 14, 749.04),
(696, 696, 45, 986.86),
(697, 697, 17, 126.37),
(698, 698, 10, 513.09),
(699, 699, 36, 948.35),
(700, 700, 7, 106.92),
(701, 701, 22, 948.08),
(702, 702, 6, 923.9),
(703, 703, 28, 477.91),
(704, 704, 3, 623.11),
(705, 705, 9, 918.49),
(706, 706, 2, 176.16),
(707, 707, 0, 131.02),
(708, 708, 47, 691.47),
(709, 709, 32, 348.89),
(710, 710, 32, 204.47),
(711, 711, 50, 379.76),
(712, 712, 48, 829.59),
(713, 713, 14, 243.5),
(714, 714, 50, 706.07),
(715, 715, 16, 803.95),
(716, 716, 22, 495.08),
(717, 717, 48, 341.67),
(718, 718, 32, 758.04),
(719, 719, 21, 724.13),
(720, 720, 25, 470.03),
(721, 721, 33, 159.83),
(722, 722, 31, 908.74),
(723, 723, 12, 282.11),
(724, 724, 25, 567.5),
(725, 725, 21, 840.87),
(726, 726, 25, 760.69),
(727, 727, 4, 483.79),
(728, 728, 44, 205.9),
(729, 729, 38, 889.91),
(730, 730, 27, 704.72),
(731, 731, 44, 176.95),
(732, 732, 24, 779.66),
(733, 733, 37, 965.1),
(734, 734, 33, 502.25),
(735, 735, 20, 972.03),
(736, 736, 19, 114.55),
(737, 737, 44, 725.94),
(738, 738, 8, 360.02),
(739, 739, 12, 989.86),
(740, 740, 20, 683.62),
(741, 741, 26, 210.37),
(742, 742, 38, 134.03),
(743, 743, 28, 576.6),
(744, 744, 35, 692.9),
(745, 745, 21, 412.17),
(746, 746, 11, 968.57),
(747, 747, 32, 538.33),
(748, 748, 3, 991.53),
(749, 749, 29, 708.09),
(750, 750, 5, 282.91),
(751, 751, 20, 937.93),
(752, 752, 12, 625.44),
(753, 753, 2, 204.44),
(754, 754, 50, 94.47),
(755, 755, 6, 206.9),
(756, 756, 44, 889.08),
(757, 757, 12, 595.55),
(758, 758, 4, 386.1),
(759, 759, 48, 510.01),
(760, 760, 10, 204.65),
(761, 761, 11, 513.66),
(762, 762, 45, 223.32),
(763, 763, 20, 314.26),
(764, 764, 29, 175.93),
(765, 765, 44, 153.44),
(766, 766, 37, 68.99),
(767, 767, 49, 222.45),
(768, 768, 37, 484.09),
(769, 769, 2, 537.99),
(770, 770, 37, 519.24),
(771, 771, 0, 851.77),
(772, 772, 34, 520.06),
(773, 773, 14, 588.84),
(774, 774, 11, 977.78),
(775, 775, 0, 615.35),
(776, 776, 43, 430.51),
(777, 777, 7, 395.05),
(778, 778, 28, 798.67),
(779, 779, 45, 817.82),
(780, 780, 10, 593.52),
(781, 781, 37, 299.59),
(782, 782, 38, 620.7),
(783, 783, 46, 123.86),
(784, 784, 32, 333.98),
(785, 785, 43, 197.37),
(786, 786, 38, 336.72),
(787, 787, 47, 534.74),
(788, 788, 35, 407.74),
(789, 789, 29, 458.77),
(790, 790, 26, 363.72),
(791, 791, 48, 133.47),
(792, 792, 8, 565.71),
(793, 793, 1, 198.26),
(794, 794, 9, 810.43),
(795, 795, 10, 107.4),
(796, 796, 6, 133.96),
(797, 797, 41, 346.53),
(798, 798, 31, 367.4),
(799, 799, 14, 568.62),
(800, 800, 16, 997.11),
(801, 801, 29, 856.5),
(802, 802, 6, 128.25),
(803, 803, 11, 208.54),
(804, 804, 34, 988.83),
(805, 805, 28, 343.4),
(806, 806, 38, 672.05),
(807, 807, 33, 364.0),
(808, 808, 40, 954.98),
(809, 809, 23, 404.99),
(810, 810, 38, 876.26),
(811, 811, 38, 179.9),
(812, 812, 42, 926.55),
(813, 813, 42, 937.17),
(814, 814, 30, 931.47),
(815, 815, 23, 586.8),
(816, 816, 29, 897.94),
(817, 817, 18, 962.76),
(818, 818, 38, 665.46),
(819, 819, 41, 700.04),
(820, 820, 23, 502.64),
(821, 821, 20, 542.38),
(822, 822, 1, 102.44),
(823, 823, 13, 915.89),
(824, 824, 35, 900.38),
(825, 825, 17, 735.61),
(826, 826, 29, 89.85),
(827, 827, 32, 852.75),
(828, 828, 33, 476.8),
(829, 829, 16, 545.68),
(830, 830, 4, 247.94),
(831, 831, 9, 112.52),
(832, 832, 2, 891.24),
(833, 833, 4, 342.6),
(834, 834, 33, 137.14),
(835, 835, 40, 186.91),
(836, 836, 11, 745.0),
(837, 837, 33, 212.87),
(838, 838, 3, 417.05),
(839, 839, 32, 244.36),
(840, 840, 25, 748.7),
(841, 841, 27, 546.75),
(842, 842, 28, 894.57),
(843, 843, 41, 876.73),
(844, 844, 30, 490.56),
(845, 845, 47, 619.86),
(846, 846, 39, 214.75),
(847, 847, 42, 541.13),
(848, 848, 26, 410.53),
(849, 849, 14, 717.56),
(850, 850, 34, 647.72),
(851, 851, 37, 851.38),
(852, 852, 25, 197.43),
(853, 853, 45, 914.0),
(854, 854, 23, 404.52),
(855, 855, 11, 680.7),
(856, 856, 31, 783.07),
(857, 857, 36, 736.6),
(858, 858, 16, 195.91),
(859, 859, 2, 635.05),
(860, 860, 7, 930.36),
(861, 861, 15, 470.29),
(862, 862, 0, 151.26),
(863, 863, 13, 89.76),
(864, 864, 30, 264.13),
(865, 865, 17, 599.36),
(866, 866, 13, 828.79),
(867, 867, 42, 674.12),
(868, 868, 34, 685.08),
(869, 869, 4, 729.1),
(870, 870, 45, 105.9),
(871, 871, 47, 743.52),
(872, 872, 39, 350.53),
(873, 873, 25, 561.16),
(874, 874, 1, 988.69),
(875, 875, 12, 204.0),
(876, 876, 10, 794.13),
(877, 877, 28, 925.19),
(878, 878, 32, 143.99),
(879, 879, 28, 890.28),
(880, 880, 22, 525.5),
(881, 881, 43, 241.93),
(882, 882, 4, 704.4),
(883, 883, 4, 480.99),
(884, 884, 24, 94.1),
(885, 885, 28, 695.47),
(886, 886, 27, 728.04),
(887, 887, 50, 161.45),
(888, 888, 17, 514.08),
(889, 889, 32, 763.15),
(890, 890, 11, 358.37),
(891, 891, 48, 815.56),
(892, 892, 10, 634.1),
(893, 893, 33, 585.81),
(894, 894, 36, 511.11),
(895, 895, 5, 948.0),
(896, 896, 29, 529.69),
(897, 897, 8, 896.23),
(898, 898, 50, 390.72),
(899, 899, 29, 424.68),
(900, 900, 17, 671.33),
(901, 901, 20, 444.89),
(902, 902, 31, 431.94),
(903, 903, 30, 647.44),
(904, 904, 8, 918.11),
(905, 905, 38, 843.38),
(906, 906, 11, 805.05),
(907, 907, 1, 919.59),
(908, 908, 41, 176.47),
(909, 909, 43, 882.54),
(910, 910, 26, 612.97),
(911, 911, 29, 118.05),
(912, 912, 15, 777.06),
(913, 913, 33, 526.73),
(914, 914, 23, 153.27),
(915, 915, 16, 692.93),
(916, 916, 37, 353.17),
(917, 917, 18, 951.86),
(918, 918, 24, 893.74),
(919, 919, 41, 948.63),
(920, 920, 0, 401.08),
(921, 921, 42, 657.89),
(922, 922, 34, 860.15),
(923, 923, 26, 252.64),
(924, 924, 23, 515.92),
(925, 925, 10, 144.68),
(926, 926, 45, 707.73),
(927, 927, 39, 583.97),
(928, 928, 25, 363.16),
(929, 929, 20, 498.06),
(930, 930, 47, 960.41),
(931, 931, 29, 316.61),
(932, 932, 31, 928.39),
(933, 933, 47, 926.65),
(934, 934, 31, 143.09),
(935, 935, 38, 920.45),
(936, 936, 22, 448.59),
(937, 937, 3, 623.81),
(938, 938, 19, 626.94),
(939, 939, 0, 462.81),
(940, 940, 50, 434.87),
(941, 941, 19, 820.59),
(942, 942, 37, 56.28),
(943, 943, 27, 399.02),
(944, 944, 45, 519.95),
(945, 945, 41, 534.46),
(946, 946, 32, 240.87),
(947, 947, 36, 878.02),
(948, 948, 20, 820.13),
(949, 949, 26, 599.54),
(950, 950, 8, 555.84),
(951, 951, 20, 812.1),
(952, 952, 36, 958.46),
(953, 953, 7, 68.78),
(954, 954, 43, 930.77),
(955, 955, 35, 61.44),
(956, 956, 44, 98.98),
(957, 957, 26, 991.51),
(958, 958, 26, 61.51),
(959, 959, 37, 818.5),
(960, 960, 39, 725.2),
(961, 961, 4, 726.68),
(962, 962, 42, 486.43),
(963, 963, 39, 492.71),
(964, 964, 47, 361.17),
(965, 965, 22, 161.32),
(966, 966, 29, 462.04),
(967, 967, 27, 927.23),
(968, 968, 23, 113.16),
(969, 969, 39, 408.14),
(970, 970, 26, 930.78),
(971, 971, 49, 605.99),
(972, 972, 45, 398.77),
(973, 973, 11, 167.97),
(974, 974, 5, 805.44),
(975, 975, 3, 304.83),
(976, 976, 31, 688.17),
(977, 977, 32, 481.56),
(978, 978, 8, 677.89),
(979, 979, 12, 875.62),
(980, 980, 13, 136.38),
(981, 981, 3, 806.21),
(982, 982, 26, 769.38),
(983, 983, 43, 708.84),
(984, 984, 10, 682.53),
(985, 985, 23, 424.21),
(986, 986, 3, 866.12),
(987, 987, 16, 429.26),
(988, 988, 2, 492.37),
(989, 989, 43, 733.47),
(990, 990, 21, 849.4),
(991, 991, 27, 360.6),
(992, 992, 12, 610.89),
(993, 993, 2, 830.92),
(994, 994, 5, 210.85),
(995, 995, 16, 409.78),
(996, 996, 5, 222.47),
(997, 997, 4, 96.45),
(998, 998, 29, 354.54),
(999, 999, 43, 668.25),
(1000, 1000, 30, 457.81);
INSERT INTO sale (sale_id, customer_id, order_date, required_date, shipped_date, status, payment) VALUES 
(1,  2, '2017-03-01', '2017-03-02', NULL, 'Pending', 0),
(2,  5, '2017-03-01', '2017-03-02', '2017-03-09', 'Delivered', 1),
(3,  3, '2017-03-01', '2017-03-02', NULL, 'Pending', 0),
(4,  2, '2017-03-01', '2017-03-02', NULL, 'Pending', 1),
(5,  2, '2017-03-01', '2017-03-02', NULL, 'Cancel', 0),
(6,  5, '2017-03-01', '2017-03-02', NULL, 'Cancel', 0),
(7,  3, '2017-03-01', '2017-03-02', NULL, 'Cancel', 0),
(8, 10, '2017-03-01', '2017-03-02', '2017-03-10', 'Delivered', 1),
(9,  6, '2017-03-01', '2017-03-02', NULL, 'Pending', 1),
(10, 2, '2017-03-01', '2017-03-02', NULL, 'Cancel', 0),
(11, 9, '2017-03-01', '2017-03-02', '2017-03-11', 'Delivered', 1),
(12, 5, '2017-03-01', '2017-03-02', '2017-03-12', 'Delivered', 1),
(13,10, '2017-03-01', '2017-03-02', NULL, 'Pending', 1),
(14, 3, '2017-03-01', '2017-03-02', NULL, 'Pending', 0),
(15, 7, '2017-03-01', '2017-03-02', NULL, 'Cancel', 0),
(16, 9, '2017-03-01', '2017-03-02', NULL, 'Cancel', 0),
(17, 9, '2017-03-01', '2017-03-02', NULL, 'Pending', 1),
(18, 6, '2017-03-01', '2017-03-02', NULL, 'Pending', 0),
(19, 3, '2017-03-01', '2017-03-02', NULL, 'Pending', 0),
(20,10, '2017-03-01', '2017-03-02', NULL, 'Pending', 1),
(21, 2, '2017-03-01', '2017-03-02', NULL, 'Cancel', 0),
(22,10, '2017-03-01', '2017-03-02', '2017-03-13', 'Delivered', 1),
(23, 1, '2017-03-01', '2017-03-02', NULL, 'Pending', 1),
(24,10, '2017-03-01', '2017-03-02', NULL, 'Cancel', 0),
(25, 9, '2017-03-01', '2017-03-02', NULL, 'Pending', 1),
(26, 2, '2017-03-01', '2017-03-02', NULL, 'Pending', 0),
(27, 3, '2017-03-01', '2017-03-02', '2017-03-14', 'Delivered', 1),
(28, 9, '2017-03-01', '2017-03-02', NULL, 'Cancel', 0),
(29, 4, '2017-03-01', '2017-03-02', NULL, 'Pending', 0),
(30, 1, '2017-03-01', '2017-03-02', NULL, 'Pending', 0),
(31, 4, '2017-03-01', '2017-03-02', NULL, 'Cancel', 0),
(32, 2, '2017-03-01', '2017-03-02', '2017-03-15', 'Delivered', 1),
(33, 6, '2017-03-01', '2017-03-02', NULL, 'Cancel', 0),
(34, 5, '2017-03-01', '2017-03-02', NULL, 'Pending', 0),
(35, 2, '2017-03-01', '2017-03-02', NULL, 'Pending', 0),
(36, 5, '2017-03-01', '2017-03-02', '2017-03-16', 'Delivered', 1),
(37,10, '2017-03-01', '2017-03-02', '2017-03-17', 'Delivered', 1),
(38, 1, '2017-03-01', '2017-03-02', '2017-03-18', 'Delivered', 1),
(39, 3, '2017-03-01', '2017-03-02', NULL, 'Pending', 1),
(40, 6, '2017-03-01', '2017-03-02', NULL, 'Pending', 0),
(41,10, '2017-03-01', '2017-03-02', '2017-03-19', 'Delivered', 1),
(42, 6, '2017-03-01', '2017-03-02', NULL, 'Cancel', 0),
(43,10, '2017-03-01', '2017-03-02', '2017-03-20', 'Delivered', 1),
(44, 5, '2017-03-01', '2017-03-02', NULL, 'Pending', 0),
(45, 9, '2017-03-01', '2017-03-02', NULL, 'Pending', 0),
(46, 1, '2017-03-01', '2017-03-02', NULL, 'Cancel', 0),
(47, 4, '2017-03-01', '2017-03-02', NULL, 'Pending', 0),
(48, 1, '2017-03-01', '2017-03-02', NULL, 'Cancel', 0),
(49, 9, '2017-03-01', '2017-03-02', NULL, 'Pending', 0),
(50, 1, '2017-03-01', '2017-03-02', NULL, 'Cancel', 0),
(51, 7, '2017-03-01', '2017-03-02', NULL, 'Pending', 0),
(52, 3, '2017-03-01', '2017-03-02', NULL, 'Cancel', 0),
(53, 4, '2017-03-01', '2017-03-02', NULL, 'Pending', 1),
(54, 2, '2017-03-01', '2017-03-02', '2017-03-21', 'Delivered', 1),
(55, 5, '2017-03-01', '2017-03-02', NULL, 'Pending', 0),
(56, 5, '2017-03-01', '2017-03-02', '2017-03-22', 'Delivered', 1),
(57, 5, '2017-03-01', '2017-03-02', NULL, 'Pending', 0),
(58, 8, '2017-03-01', '2017-03-02', NULL, 'Cancel', 0),
(59, 4, '2017-03-01', '2017-03-02', NULL, 'Pending', 0),
(60, 4, '2017-03-01', '2017-03-02', NULL, 'Pending', 0),
(61, 2, '2017-03-01', '2017-03-02', NULL, 'Cancel', 0),
(62, 2, '2017-03-01', '2017-03-02', NULL, 'Pending', 0),
(63, 3, '2017-03-01', '2017-03-02', NULL, 'Cancel', 0),
(64, 6, '2017-03-01', '2017-03-02', NULL, 'Cancel', 0),
(65, 2, '2017-03-01', '2017-03-02', NULL, 'Pending', 1),
(66, 1, '2017-03-01', '2017-03-02', NULL, 'Pending', 0),
(67, 4, '2017-03-01', '2017-03-02', NULL, 'Pending', 0),
(68, 5, '2017-03-01', '2017-03-02', NULL, 'Pending', 1),
(69, 5, '2017-03-01', '2017-03-02', NULL, 'Pending', 0),
(70,10, '2017-03-01', '2017-03-02', NULL, 'Pending', 0),
(71,10, '2017-03-01', '2017-03-02', NULL, 'Pending', 0),
(72,10, '2017-03-01', '2017-03-02', NULL, 'Cancel', 0),
(73, 9, '2017-03-01', '2017-03-02', NULL, 'Pending', 0),
(74, 8, '2017-03-01', '2017-03-02', NULL, 'Pending', 0),
(75, 9, '2017-03-01', '2017-03-02', NULL, 'Cancel', 0),
(76,10, '2017-03-01', '2017-03-02', NULL, 'Cancel', 0),
(77, 6, '2017-03-01', '2017-03-02', NULL, 'Pending', 1),
(78, 7, '2017-03-01', '2017-03-02', '2017-03-23', 'Delivered', 1),
(79, 6, '2017-03-01', '2017-03-02', NULL, 'Pending', 1),
(80, 5, '2017-03-01', '2017-03-02', NULL, 'Pending', 0),
(81, 6, '2017-03-01', '2017-03-02', NULL, 'Pending', 1),
(82, 7, '2017-03-01', '2017-03-02', NULL, 'Pending', 1),
(83, 1, '2017-03-01', '2017-03-02', NULL, 'Pending', 1),
(84, 6, '2017-03-01', '2017-03-02', NULL, 'Pending', 1),
(85,10, '2017-03-01', '2017-03-02', '2017-03-24', 'Delivered', 1),
(86, 1, '2017-03-01', '2017-03-02', NULL, 'Cancel', 0),
(87, 7, '2017-03-01', '2017-03-02', '2017-03-25', 'Delivered', 1),
(88, 6, '2017-03-01', '2017-03-02', '2017-03-26', 'Delivered', 1),
(89, 5, '2017-03-01', '2017-03-02', NULL, 'Pending', 0),
(90, 5, '2017-03-01', '2017-03-02', NULL, 'Pending', 0),
(91, 8, '2017-03-01', '2017-03-02', '2017-03-27', 'Delivered', 1),
(92, 4, '2017-03-01', '2017-03-02', NULL, 'Pending', 0),
(93, 5, '2017-03-01', '2017-03-02', NULL, 'Cancel', 0),
(94, 9, '2017-03-01', '2017-03-02', NULL, 'Pending', 1),
(95, 9, '2017-03-01', '2017-03-02', NULL, 'Pending', 0),
(96, 4, '2017-03-01', '2017-03-02', NULL, 'Pending', 0),
(97, 2, '2017-03-01', '2017-03-02', NULL, 'Pending', 0),
(98, 5, '2017-03-01', '2017-03-02', NULL, 'Cancel', 0),
(99, 9, '2017-03-01', '2017-03-02', NULL, 'Cancel', 0),
(100, 9, '2017-03-01', '2017-03-02', NULL, 'Cancel', 0);
INSERT INTO sale_detail (sale_id, stock_id, quantity, discount, price_each) VALUES 
(35, 585, 4, 25, 773.18),
(1, 739, 8, 10, 234.77),
(1, 82, 3, 25, 291.94),
(47, 199, 4, 15, 216.58),
(16, 513, 4, 20, 201.66),
(66, 173, 2, 15, 314.25),
(59, 478, 5, 10, 243.72),
(41, 205, 2, 20, 572.4),
(44, 208, 5, 25, 941.68),
(34, 102, 5, 15, 538.4),
(28, 840, 1, 15, 291.35),
(19, 299, 9, 20, 713.44),
(56, 32, 4, 20, 383.17),
(99, 977, 7, 5, 937.53),
(78, 590, 5, 20, 493.6),
(79, 455, 3, 5, 377.32),
(1, 274, 2, 10, 892.65),
(57, 53, 2, 20, 794.2),
(20, 79, 7, 25, 528.84),
(93, 986, 7, 5, 997.7),
(52, 779, 9, 15, 173.28),
(95, 621, 5, 20, 828.04),
(48, 979, 5, 15, 730.02),
(84, 912, 8, 25, 224.95),
(53, 569, 7, 10, 250.92),
(19, 5, 4, 10, 194.74),
(8, 547, 5, 15, 448.3),
(71, 763, 6, 15, 811.41),
(54, 839, 3, 25, 453.14),
(100, 845, 4, 5, 174.62),
(8, 188, 6, 25, 505.49),
(17, 839, 1, 15, 241.78),
(57, 422, 6, 15, 782.39),
(73, 6, 9, 15, 229.12),
(68, 860, 4, 25, 122.73),
(55, 323, 1, 10, 959.32),
(28, 970, 2, 25, 300.09),
(86, 740, 5, 15, 135.31),
(68, 503, 3, 10, 437.77),
(7, 92, 1, 15, 899.83),
(93, 590, 7, 25, 669.79),
(74, 394, 3, 20, 897.41),
(29, 277, 6, 5, 111.43),
(40, 356, 7, 25, 646.0),
(89, 380, 10, 15, 220.31),
(23, 775, 3, 15, 709.4),
(9, 98, 3, 10, 779.02),
(62, 380, 3, 10, 633.49),
(10, 861, 8, 20, 917.32),
(31, 804, 10, 15, 566.86),
(29, 124, 4, 15, 895.94),
(31, 619, 5, 25, 683.05),
(18, 20, 8, 10, 622.67),
(41, 899, 10, 20, 243.73),
(55, 318, 4, 10, 946.01),
(98, 796, 1, 20, 563.31),
(2, 128, 8, 25, 295.61),
(32, 612, 4, 20, 595.09),
(88, 204, 2, 20, 269.06),
(58, 485, 2, 25, 815.36),
(18, 899, 3, 15, 313.46),
(34, 547, 9, 5, 794.28),
(4, 719, 7, 15, 621.28),
(1, 395, 9, 10, 121.42),
(11, 294, 1, 15, 473.32),
(1, 963, 9, 15, 268.61),
(37, 953, 10, 20, 367.35),
(83, 859, 3, 5, 162.17),
(7, 418, 1, 20, 836.65),
(88, 975, 3, 5, 524.69),
(100, 430, 7, 5, 333.27),
(27, 100, 1, 10, 519.6),
(83, 348, 1, 10, 753.93),
(77, 842, 10, 5, 808.89),
(9, 188, 1, 10, 869.02),
(19, 27, 4, 25, 567.68),
(65, 793, 10, 10, 462.31),
(46, 364, 2, 15, 373.01),
(18, 938, 4, 10, 228.64),
(85, 78, 6, 10, 362.57),
(30, 154, 2, 20, 786.91),
(59, 953, 3, 20, 544.87),
(4, 503, 1, 5, 516.72),
(92, 447, 9, 15, 663.02),
(48, 957, 7, 20, 85.75),
(7, 128, 9, 20, 103.06),
(5, 600, 7, 10, 717.22),
(1, 998, 4, 15, 204.38),
(17, 778, 6, 15, 744.38),
(81, 176, 4, 20, 958.11),
(25, 762, 4, 10, 770.69),
(38, 691, 8, 5, 324.85),
(21, 957, 4, 20, 515.26),
(53, 518, 5, 20, 877.15),
(64, 583, 3, 10, 923.32),
(28, 183, 6, 5, 384.05),
(4, 638, 8, 5, 136.21),
(78, 972, 2, 25, 304.01),
(97, 76, 1, 20, 522.05),
(94, 197, 1, 20, 328.63),
(29, 535, 8, 10, 772.5),
(23, 174, 2, 25, 107.86),
(15, 912, 8, 15, 241.28),
(95, 543, 3, 10, 283.95),
(97, 656, 3, 25, 171.65),
(82, 490, 4, 5, 866.64),
(86, 587, 5, 10, 764.16),
(41, 674, 5, 5, 274.61),
(63, 685, 6, 15, 762.93),
(85, 991, 3, 5, 671.72),
(84, 448, 6, 5, 815.23),
(70, 739, 5, 25, 588.31),
(47, 139, 2, 10, 506.6),
(8, 286, 3, 25, 220.11),
(63, 916, 5, 15, 290.01),
(53, 378, 3, 15, 376.12),
(83, 27, 3, 5, 920.5),
(97, 883, 3, 20, 364.41),
(91, 155, 4, 10, 768.77),
(4, 910, 3, 25, 367.86),
(15, 397, 5, 10, 528.0),
(36, 250, 6, 25, 155.19),
(32, 856, 8, 15, 88.39),
(37, 85, 7, 10, 596.06),
(39, 637, 7, 15, 463.35),
(13, 261, 8, 15, 688.25),
(21, 167, 6, 15, 793.71),
(30, 950, 2, 10, 228.09),
(67, 369, 5, 25, 856.14),
(68, 207, 3, 25, 67.85),
(43, 723, 7, 5, 846.61),
(4, 946, 7, 5, 101.35),
(58, 151, 2, 5, 264.87),
(54, 199, 6, 10, 73.6),
(42, 354, 7, 20, 268.64),
(82, 218, 5, 20, 979.14),
(33, 755, 3, 5, 650.31),
(30, 499, 3, 25, 932.9),
(20, 917, 5, 15, 801.04),
(12, 985, 2, 15, 687.41),
(67, 913, 7, 5, 596.4),
(73, 413, 1, 5, 82.06),
(45, 835, 3, 10, 961.56),
(91, 25, 4, 20, 366.36),
(34, 479, 10, 10, 438.72),
(52, 754, 10, 20, 278.93),
(92, 686, 10, 25, 536.38),
(38, 945, 4, 25, 208.66),
(45, 561, 3, 15, 719.06),
(1, 802, 4, 25, 99.53),
(15, 15, 1, 20, 993.12),
(95, 898, 7, 15, 581.42),
(41, 25, 7, 15, 662.04),
(56, 796, 10, 5, 295.83),
(66, 500, 8, 15, 665.32),
(89, 172, 9, 15, 155.13),
(5, 879, 2, 10, 372.92),
(88, 864, 8, 15, 329.45),
(62, 865, 9, 10, 296.78),
(29, 472, 3, 25, 896.01),
(80, 495, 4, 10, 920.25),
(36, 702, 8, 25, 538.19),
(62, 403, 4, 5, 103.23),
(98, 495, 8, 10, 551.21),
(71, 272, 1, 15, 439.2),
(88, 881, 5, 20, 842.64),
(92, 878, 9, 20, 911.18),
(84, 405, 2, 5, 176.37),
(38, 56, 7, 25, 759.06),
(81, 749, 1, 25, 708.51),
(82, 914, 1, 10, 596.1),
(43, 39, 4, 10, 278.1),
(80, 611, 7, 25, 966.42),
(90, 320, 5, 20, 617.56),
(2, 605, 4, 20, 740.58),
(25, 65, 9, 10, 186.32),
(58, 99, 8, 25, 667.39),
(89, 736, 7, 20, 691.7),
(94, 195, 2, 10, 923.8),
(54, 337, 7, 20, 900.75),
(57, 672, 8, 15, 976.06),
(93, 27, 2, 15, 220.4),
(31, 283, 7, 25, 900.59),
(5, 760, 3, 5, 966.82),
(99, 702, 7, 5, 532.35),
(44, 638, 10, 20, 929.7),
(84, 90, 6, 5, 841.59),
(83, 667, 5, 20, 840.41),
(60, 975, 6, 5, 523.91),
(63, 903, 4, 10, 564.11),
(84, 664, 9, 25, 870.75),
(100, 734, 6, 25, 824.83),
(89, 248, 5, 5, 935.19),
(77, 196, 8, 15, 62.03),
(59, 282, 6, 25, 856.15),
(52, 488, 3, 20, 733.74),
(25, 585, 6, 5, 336.72),
(12, 307, 9, 10, 354.06),
(59, 205, 1, 25, 612.63),
(83, 471, 9, 5, 89.9),
(57, 574, 7, 20, 487.47),
(11, 893, 7, 20, 872.14),
(71, 556, 8, 15, 211.18),
(15, 474, 7, 20, 937.34),
(59, 359, 7, 20, 63.84),
(55, 800, 10, 10, 652.57),
(6, 755, 3, 25, 306.0),
(79, 325, 7, 25, 804.02),
(64, 158, 9, 20, 91.3),
(72, 120, 6, 5, 966.35),
(71, 75, 7, 20, 779.7),
(2, 248, 6, 20, 442.64),
(53, 581, 8, 5, 738.42),
(32, 609, 7, 25, 271.16),
(24, 436, 3, 10, 590.64),
(34, 80, 5, 5, 605.3),
(83, 232, 5, 20, 311.17),
(41, 216, 7, 20, 83.83),
(61, 878, 3, 15, 265.32),
(9, 478, 9, 10, 786.94),
(42, 588, 6, 20, 324.06),
(77, 519, 1, 10, 477.59),
(21, 387, 3, 10, 647.06),
(50, 490, 9, 20, 99.22),
(90, 565, 5, 10, 295.55),
(3, 570, 4, 25, 718.56),
(17, 91, 9, 25, 504.44),
(19, 679, 1, 15, 162.79),
(61, 678, 8, 15, 319.07),
(2, 798, 1, 5, 84.11),
(21, 453, 1, 15, 491.35),
(49, 684, 3, 5, 291.01),
(94, 559, 1, 25, 64.04),
(83, 352, 3, 20, 451.05),
(15, 148, 2, 5, 63.84),
(11, 105, 4, 10, 82.38),
(97, 885, 10, 25, 632.25),
(47, 540, 3, 15, 597.03),
(83, 335, 2, 10, 417.39),
(46, 159, 8, 10, 348.55),
(78, 679, 4, 5, 963.02),
(32, 296, 9, 20, 505.31),
(84, 891, 9, 20, 811.6),
(3, 943, 10, 10, 69.48),
(91, 480, 7, 25, 569.99),
(84, 429, 2, 5, 704.67),
(43, 173, 2, 10, 598.4),
(37, 531, 1, 10, 177.16),
(89, 516, 7, 10, 829.22),
(61, 94, 4, 20, 317.7),
(83, 59, 7, 25, 253.06),
(3, 447, 8, 10, 639.34),
(68, 230, 7, 15, 218.64),
(42, 768, 4, 15, 407.23),
(81, 788, 1, 15, 526.93),
(43, 884, 2, 10, 406.44),
(73, 61, 6, 10, 638.73),
(79, 957, 9, 5, 890.96),
(1, 44, 4, 15, 795.24),
(28, 792, 1, 15, 253.7),
(94, 928, 9, 15, 675.52),
(6, 3, 2, 20, 240.45),
(12, 506, 9, 20, 937.73),
(31, 591, 1, 15, 792.04),
(20, 322, 8, 20, 837.32),
(94, 243, 5, 20, 499.49),
(7, 189, 10, 25, 201.21),
(68, 285, 7, 20, 496.65),
(10, 531, 4, 10, 888.02),
(7, 17, 1, 20, 735.43),
(24, 1000, 6, 20, 172.46),
(90, 770, 10, 25, 744.0),
(47, 770, 6, 25, 951.67),
(26, 622, 10, 10, 822.16),
(74, 940, 6, 5, 650.53),
(20, 96, 7, 5, 321.07),
(58, 540, 5, 10, 930.48),
(38, 37, 10, 25, 985.39),
(58, 429, 1, 5, 825.33),
(23, 182, 9, 25, 711.58),
(97, 148, 9, 10, 721.22),
(1, 285, 2, 15, 552.92),
(47, 697, 8, 15, 128.62),
(30, 52, 5, 10, 896.9),
(10, 398, 5, 25, 967.87),
(72, 136, 8, 10, 909.73),
(7, 232, 3, 25, 932.89),
(58, 509, 5, 25, 348.53),
(23, 349, 3, 5, 84.48),
(41, 418, 3, 10, 399.44),
(87, 257, 7, 20, 209.13),
(54, 239, 4, 20, 295.33),
(45, 722, 4, 25, 559.23),
(79, 417, 4, 5, 76.45),
(99, 245, 3, 10, 112.37),
(25, 510, 4, 5, 466.41),
(71, 223, 5, 20, 662.87),
(39, 404, 10, 20, 756.56),
(70, 363, 2, 20, 694.34),
(51, 289, 4, 20, 876.98),
(15, 477, 1, 15, 306.11),
(84, 859, 7, 15, 792.34),
(55, 940, 7, 5, 720.6),
(99, 815, 10, 25, 208.36),
(75, 823, 7, 15, 416.03),
(68, 812, 10, 20, 681.12),
(25, 759, 5, 15, 869.69),
(45, 34, 3, 25, 305.84),
(2, 158, 5, 20, 544.41),
(15, 494, 10, 5, 885.8),
(43, 425, 1, 15, 724.18),
(62, 611, 1, 25, 666.68),
(41, 279, 2, 25, 944.32),
(31, 545, 1, 20, 567.87),
(41, 879, 1, 20, 375.03),
(71, 308, 6, 25, 255.98),
(52, 388, 1, 5, 904.37),
(36, 569, 6, 25, 362.12),
(34, 727, 5, 20, 535.57),
(15, 838, 5, 5, 599.68),
(79, 531, 1, 5, 319.27),
(100, 475, 10, 20, 245.34),
(27, 35, 5, 5, 404.07),
(16, 334, 8, 15, 182.27),
(71, 378, 2, 20, 868.54),
(55, 283, 1, 10, 961.77),
(84, 436, 2, 20, 418.8),
(46, 429, 8, 10, 690.95),
(60, 362, 6, 25, 436.36),
(96, 226, 3, 20, 487.08),
(100, 569, 1, 25, 738.08),
(50, 836, 6, 25, 722.03),
(79, 289, 8, 25, 743.46),
(12, 526, 10, 25, 623.89),
(85, 668, 4, 20, 855.72),
(69, 819, 1, 10, 429.82),
(3, 175, 5, 20, 865.05),
(97, 286, 4, 25, 831.97),
(42, 307, 10, 20, 757.75),
(69, 891, 4, 20, 348.52),
(60, 185, 10, 15, 232.46),
(98, 758, 1, 15, 83.41),
(38, 712, 3, 15, 900.32),
(78, 358, 9, 10, 999.14),
(4, 232, 4, 10, 845.24),
(69, 719, 7, 20, 850.43),
(49, 539, 5, 25, 883.02),
(80, 518, 7, 20, 542.67),
(64, 551, 3, 5, 619.22),
(88, 55, 2, 10, 607.29),
(24, 85, 5, 25, 708.12),
(47, 543, 10, 15, 54.62),
(37, 470, 4, 25, 497.78),
(26, 805, 5, 15, 756.0),
(15, 391, 3, 10, 396.71),
(98, 110, 5, 15, 817.23),
(18, 737, 9, 10, 702.08),
(66, 823, 1, 25, 278.96),
(71, 927, 4, 25, 960.85),
(3, 246, 1, 25, 449.37),
(77, 209, 1, 25, 466.61),
(3, 824, 8, 15, 696.33),
(77, 997, 6, 15, 921.08),
(87, 880, 10, 10, 308.61),
(77, 434, 7, 10, 237.87),
(58, 756, 7, 15, 841.22),
(92, 585, 8, 15, 997.3),
(9, 328, 4, 15, 669.51),
(51, 343, 2, 25, 538.11),
(52, 535, 2, 25, 295.05),
(34, 328, 3, 20, 78.18),
(50, 106, 7, 10, 799.04),
(27, 311, 10, 15, 347.22),
(47, 611, 9, 5, 653.67),
(14, 438, 10, 10, 419.48),
(82, 477, 7, 25, 723.28),
(80, 969, 10, 5, 564.41),
(9, 194, 1, 25, 408.09),
(32, 2, 3, 15, 130.55),
(26, 343, 10, 20, 996.19),
(53, 500, 6, 25, 145.8),
(25, 783, 7, 10, 218.99),
(29, 354, 6, 20, 252.95),
(46, 799, 4, 20, 786.26),
(19, 167, 4, 15, 917.14),
(93, 152, 6, 15, 669.26),
(15, 500, 5, 20, 346.71),
(66, 752, 3, 15, 298.9),
(98, 141, 10, 20, 132.39),
(32, 283, 3, 15, 87.15),
(18, 976, 2, 25, 874.02),
(99, 583, 9, 5, 275.61),
(97, 231, 5, 10, 78.55),
(4, 401, 5, 10, 165.82),
(6, 369, 8, 10, 187.53),
(97, 188, 3, 10, 917.09),
(51, 190, 3, 25, 309.55),
(7, 202, 7, 15, 452.67),
(7, 127, 5, 5, 567.81),
(44, 630, 2, 15, 160.18),
(89, 905, 7, 15, 355.41),
(57, 591, 2, 25, 261.05),
(14, 429, 7, 20, 117.27),
(3, 3, 5, 20, 505.16),
(21, 994, 4, 5, 792.17),
(81, 831, 2, 25, 365.17),
(14, 165, 6, 20, 350.72),
(63, 798, 6, 10, 829.53),
(77, 240, 3, 15, 55.8),
(46, 657, 8, 20, 169.51),
(47, 50, 2, 25, 263.3),
(95, 670, 7, 5, 385.86),
(83, 589, 9, 10, 999.45),
(46, 886, 6, 25, 694.68),
(82, 823, 3, 5, 198.03),
(94, 321, 9, 20, 929.97),
(99, 125, 6, 5, 832.8),
(27, 825, 8, 5, 182.16),
(90, 732, 9, 15, 477.4),
(16, 88, 8, 10, 911.48),
(18, 36, 8, 20, 281.46),
(5, 569, 1, 10, 615.54),
(63, 547, 5, 5, 361.68),
(75, 484, 4, 25, 200.09),
(44, 50, 9, 10, 646.82),
(65, 403, 9, 15, 927.77),
(17, 677, 4, 20, 859.22),
(11, 185, 2, 25, 234.69),
(8, 627, 9, 25, 544.39),
(51, 532, 2, 15, 971.48),
(72, 84, 8, 20, 595.84),
(38, 69, 8, 10, 99.33),
(27, 667, 5, 25, 579.62),
(71, 955, 2, 15, 930.32),
(57, 649, 6, 20, 835.93),
(7, 823, 5, 20, 498.63),
(31, 143, 2, 5, 212.92),
(33, 281, 7, 25, 713.73),
(21, 503, 7, 25, 541.96),
(24, 735, 4, 10, 493.33),
(90, 961, 6, 20, 437.46),
(23, 395, 3, 10, 828.87),
(5, 973, 4, 25, 641.61),
(38, 603, 4, 10, 375.38),
(3, 434, 5, 5, 543.94),
(28, 591, 1, 15, 924.21),
(33, 120, 4, 10, 256.63),
(68, 389, 10, 15, 174.5),
(11, 124, 6, 20, 834.88),
(52, 315, 2, 15, 851.58),
(90, 487, 5, 20, 753.79),
(7, 783, 10, 5, 701.7),
(78, 940, 5, 5, 631.39),
(4, 906, 8, 20, 531.61),
(87, 151, 6, 5, 174.7),
(16, 169, 2, 20, 693.18),
(34, 478, 6, 15, 413.02),
(78, 593, 4, 15, 298.63),
(5, 906, 2, 5, 635.93),
(45, 331, 5, 25, 366.72),
(57, 306, 4, 10, 422.28),
(10, 701, 7, 20, 467.08),
(21, 520, 6, 10, 191.96),
(55, 360, 1, 10, 140.66),
(57, 249, 3, 10, 860.07),
(72, 252, 5, 5, 455.39),
(42, 891, 8, 5, 638.2),
(2, 874, 7, 20, 881.48),
(19, 168, 4, 25, 508.94),
(35, 589, 2, 5, 644.98),
(9, 155, 8, 20, 576.04),
(54, 241, 2, 25, 749.06),
(50, 278, 8, 20, 154.59),
(85, 271, 5, 10, 147.05),
(94, 168, 9, 10, 194.68),
(38, 582, 1, 5, 582.18),
(7, 267, 8, 25, 516.66),
(11, 718, 4, 15, 280.63),
(78, 646, 1, 15, 236.56),
(67, 621, 4, 15, 402.43),
(38, 889, 2, 20, 812.37),
(91, 325, 4, 5, 646.08),
(48, 563, 5, 5, 785.24),
(29, 254, 10, 25, 658.77),
(47, 988, 6, 10, 915.37),
(4, 857, 5, 15, 810.49),
(9, 104, 8, 20, 373.22),
(91, 952, 2, 10, 551.27),
(45, 17, 1, 5, 321.34),
(58, 944, 9, 5, 538.08),
(43, 184, 7, 25, 561.63),
(83, 61, 3, 5, 679.61),
(57, 412, 1, 10, 213.6),
(89, 121, 1, 20, 105.99),
(54, 152, 3, 25, 321.35),
(65, 122, 7, 25, 451.99),
(78, 835, 4, 20, 926.14),
(97, 342, 4, 5, 310.89),
(30, 778, 3, 10, 404.84),
(16, 13, 6, 10, 861.62),
(97, 463, 6, 10, 671.77),
(7, 291, 2, 5, 363.95),
(86, 495, 10, 5, 465.35),
(12, 106, 8, 5, 367.32),
(52, 872, 7, 20, 154.53),
(48, 467, 3, 20, 815.13),
(77, 170, 10, 10, 300.9),
(12, 176, 5, 20, 598.41),
(37, 130, 10, 15, 659.1),
(31, 977, 2, 5, 628.42),
(29, 10, 7, 25, 310.39),
(24, 99, 9, 5, 596.07),
(94, 525, 5, 10, 320.07),
(69, 808, 3, 10, 685.18),
(46, 293, 8, 15, 286.62),
(74, 677, 1, 20, 371.79),
(89, 253, 10, 25, 350.99),
(89, 247, 4, 5, 687.71),
(47, 84, 7, 25, 817.51),
(65, 709, 3, 25, 494.27),
(73, 799, 6, 25, 480.82),
(15, 807, 1, 20, 702.49),
(64, 927, 4, 15, 502.51),
(30, 660, 8, 10, 438.58),
(20, 649, 1, 25, 91.86),
(72, 659, 5, 25, 643.93),
(88, 25, 4, 15, 543.28),
(17, 9, 9, 10, 100.99),
(25, 831, 7, 15, 549.64),
(17, 75, 5, 5, 955.84),
(83, 624, 6, 10, 447.43),
(14, 725, 2, 10, 536.4),
(10, 199, 3, 20, 848.25),
(40, 450, 6, 10, 624.53),
(68, 415, 3, 10, 121.8),
(30, 455, 7, 25, 618.73),
(23, 919, 4, 10, 889.01),
(49, 846, 9, 25, 735.25),
(38, 424, 6, 15, 471.89),
(89, 490, 8, 10, 311.95),
(63, 222, 1, 20, 462.66),
(7, 602, 10, 15, 922.58),
(26, 797, 2, 10, 993.87),
(10, 316, 8, 5, 589.38),
(96, 863, 1, 15, 579.02),
(78, 211, 2, 25, 581.2),
(58, 962, 10, 15, 398.12),
(46, 344, 10, 5, 212.52),
(78, 637, 1, 5, 674.69),
(68, 869, 1, 20, 53.28),
(75, 796, 10, 25, 771.95),
(7, 959, 9, 10, 854.71),
(86, 865, 6, 20, 460.26),
(6, 366, 5, 20, 116.87),
(76, 990, 7, 20, 323.37),
(74, 807, 9, 5, 576.48),
(6, 723, 5, 10, 740.48),
(59, 33, 9, 20, 545.71),
(82, 749, 10, 25, 516.25),
(39, 431, 3, 20, 744.46),
(38, 881, 9, 5, 230.14),
(64, 788, 10, 25, 723.55),
(64, 341, 8, 25, 574.85),
(12, 929, 5, 5, 386.93),
(88, 524, 6, 15, 881.73),
(65, 50, 4, 5, 980.71),
(72, 139, 8, 10, 177.64),
(88, 623, 2, 10, 883.14),
(98, 730, 9, 15, 160.92),
(59, 838, 8, 10, 992.99),
(55, 377, 3, 5, 624.82),
(37, 7, 6, 20, 976.42),
(99, 170, 6, 25, 351.51),
(31, 553, 10, 10, 590.1),
(38, 696, 6, 20, 681.16),
(46, 159, 5, 25, 271.37),
(96, 252, 7, 5, 697.02),
(52, 269, 9, 10, 280.06),
(74, 287, 4, 25, 217.59),
(6, 294, 6, 25, 842.96),
(8, 745, 1, 25, 304.64),
(5, 188, 6, 10, 575.51),
(12, 444, 9, 20, 579.77),
(51, 402, 5, 15, 987.9),
(27, 394, 2, 5, 749.29),
(30, 862, 10, 10, 124.77),
(65, 909, 7, 15, 149.34),
(31, 421, 10, 15, 699.43),
(69, 426, 7, 5, 399.87),
(13, 973, 1, 5, 445.77),
(91, 762, 4, 25, 386.23),
(87, 720, 10, 20, 244.32),
(66, 366, 10, 25, 432.9),
(73, 231, 6, 5, 910.8),
(67, 86, 3, 15, 907.87),
(80, 174, 4, 10, 547.51),
(35, 879, 1, 20, 524.7),
(84, 255, 10, 5, 805.45),
(72, 910, 6, 25, 762.88),
(66, 825, 5, 15, 180.24),
(43, 775, 8, 10, 794.79),
(13, 358, 5, 25, 694.17),
(3, 333, 10, 15, 967.82),
(69, 315, 8, 10, 839.25),
(64, 861, 8, 20, 506.95),
(60, 719, 5, 15, 943.41),
(72, 205, 4, 5, 933.01),
(5, 545, 3, 5, 319.14),
(28, 370, 1, 25, 795.84),
(61, 667, 10, 5, 160.02),
(35, 424, 8, 15, 340.4),
(20, 953, 9, 25, 70.69),
(37, 524, 9, 20, 982.23),
(4, 555, 5, 25, 729.36),
(19, 717, 8, 20, 810.88),
(65, 229, 7, 25, 310.08),
(84, 311, 5, 15, 992.27),
(65, 239, 6, 5, 932.09),
(30, 16, 1, 20, 388.3),
(32, 926, 10, 20, 988.67),
(87, 230, 10, 20, 696.71),
(25, 304, 3, 20, 862.39),
(38, 142, 7, 20, 914.64),
(39, 584, 2, 5, 658.56),
(38, 62, 5, 20, 612.25),
(61, 367, 3, 5, 311.19),
(85, 171, 3, 15, 211.05),
(60, 465, 8, 10, 121.61),
(8, 660, 5, 10, 840.63),
(61, 475, 7, 25, 348.54),
(14, 913, 9, 20, 807.68),
(95, 435, 4, 5, 203.57),
(25, 956, 4, 15, 860.95),
(48, 214, 10, 10, 557.89),
(79, 912, 10, 15, 687.8),
(70, 83, 6, 20, 108.15),
(97, 384, 4, 15, 573.11),
(48, 137, 6, 10, 477.53),
(48, 823, 9, 15, 641.62),
(54, 962, 3, 10, 415.53),
(10, 202, 8, 10, 614.71),
(60, 975, 10, 20, 517.52),
(50, 367, 2, 5, 452.87),
(45, 139, 4, 15, 456.76),
(3, 315, 4, 15, 702.67),
(16, 338, 4, 15, 643.35),
(94, 438, 10, 20, 303.31),
(44, 710, 3, 20, 794.02),
(49, 650, 10, 15, 641.98),
(51, 59, 9, 25, 603.79),
(75, 555, 4, 20, 660.1),
(6, 315, 3, 5, 751.25),
(41, 505, 2, 20, 758.83),
(27, 11, 4, 5, 941.18),
(86, 133, 3, 25, 889.41),
(4, 811, 3, 15, 824.49),
(41, 158, 2, 20, 746.24),
(66, 858, 8, 20, 190.62),
(1, 753, 4, 5, 785.8),
(35, 358, 7, 25, 235.84),
(35, 147, 7, 10, 338.06),
(98, 527, 8, 5, 306.43),
(32, 353, 10, 25, 127.2),
(75, 148, 6, 15, 304.81),
(34, 779, 9, 25, 54.74),
(36, 843, 1, 20, 837.69),
(63, 987, 4, 15, 777.44),
(8, 285, 10, 20, 483.92),
(19, 725, 8, 20, 571.46),
(39, 792, 2, 25, 523.78),
(47, 783, 5, 20, 492.72),
(8, 795, 6, 15, 593.4),
(89, 299, 6, 5, 639.51),
(62, 413, 1, 20, 383.0),
(24, 642, 3, 15, 438.66),
(24, 908, 8, 20, 720.68),
(18, 955, 5, 25, 506.14),
(17, 495, 2, 5, 650.28),
(57, 227, 3, 20, 749.27),
(48, 502, 1, 10, 101.01),
(62, 454, 10, 5, 900.25),
(59, 729, 8, 5, 671.27),
(94, 263, 5, 20, 315.79),
(43, 913, 6, 5, 256.1),
(55, 278, 9, 15, 990.33),
(42, 458, 2, 25, 424.73),
(89, 765, 6, 20, 302.49),
(39, 453, 3, 25, 455.55),
(68, 426, 7, 20, 114.08),
(22, 1000, 6, 25, 642.38),
(35, 677, 7, 5, 249.8),
(44, 596, 5, 5, 808.28),
(81, 534, 8, 20, 163.74),
(39, 164, 3, 15, 443.55),
(47, 299, 1, 15, 769.67),
(7, 92, 9, 20, 135.21),
(33, 239, 4, 10, 57.06),
(95, 64, 4, 15, 700.88),
(27, 490, 6, 10, 104.29),
(88, 182, 5, 20, 734.49),
(12, 171, 6, 5, 863.8),
(14, 82, 4, 20, 123.51),
(13, 150, 10, 15, 57.45),
(50, 579, 2, 5, 907.07),
(54, 496, 10, 15, 512.57),
(41, 791, 2, 15, 600.53),
(50, 226, 9, 10, 684.91),
(57, 798, 10, 10, 734.63),
(68, 134, 9, 20, 912.2),
(57, 563, 4, 5, 907.51),
(95, 704, 3, 20, 889.48),
(93, 545, 3, 5, 72.49),
(13, 647, 9, 10, 215.07),
(37, 798, 8, 5, 203.67),
(90, 607, 4, 25, 576.23),
(80, 361, 2, 5, 475.35),
(45, 3, 9, 25, 524.1),
(30, 845, 2, 15, 923.9),
(76, 644, 9, 25, 796.15),
(13, 646, 5, 5, 584.75),
(11, 1000, 3, 5, 914.1),
(23, 886, 6, 20, 417.79),
(39, 780, 5, 5, 542.45),
(46, 491, 9, 5, 712.27),
(100, 29, 1, 25, 53.94),
(26, 400, 7, 5, 539.51),
(26, 685, 5, 5, 450.21),
(59, 127, 2, 20, 915.79),
(93, 520, 7, 15, 994.51),
(63, 650, 4, 20, 64.68),
(48, 576, 2, 25, 782.12),
(3, 333, 8, 15, 237.75),
(54, 894, 1, 10, 505.6),
(46, 598, 10, 25, 778.11),
(31, 174, 9, 15, 963.35),
(45, 725, 6, 10, 670.59),
(14, 596, 7, 25, 923.25),
(56, 616, 6, 5, 958.83),
(35, 999, 2, 10, 561.39),
(94, 947, 9, 15, 50.98),
(27, 41, 2, 5, 421.87),
(4, 734, 8, 25, 628.53),
(13, 450, 2, 15, 397.08),
(44, 789, 5, 25, 859.69),
(20, 951, 1, 25, 972.29),
(71, 468, 6, 15, 873.0),
(96, 350, 9, 20, 499.53),
(5, 626, 9, 15, 875.63),
(11, 475, 10, 25, 156.15),
(83, 928, 8, 15, 726.01),
(62, 429, 4, 25, 654.97),
(93, 466, 3, 25, 666.0),
(11, 810, 3, 15, 129.58),
(11, 741, 8, 5, 788.21),
(65, 3, 8, 5, 310.69),
(12, 513, 8, 25, 761.03),
(93, 346, 4, 25, 323.0),
(20, 343, 6, 10, 466.24),
(36, 628, 1, 10, 407.45),
(42, 850, 7, 20, 490.87),
(92, 931, 3, 10, 994.54),
(15, 228, 1, 5, 893.86),
(52, 960, 8, 10, 517.34),
(87, 19, 5, 20, 733.38),
(34, 371, 3, 20, 367.47),
(87, 881, 2, 5, 259.67),
(5, 55, 5, 15, 180.93),
(86, 354, 10, 25, 627.01),
(50, 668, 5, 15, 789.74),
(73, 28, 1, 10, 245.4),
(42, 222, 4, 20, 623.68),
(48, 21, 10, 5, 133.87),
(9, 951, 9, 25, 81.33),
(47, 561, 2, 10, 598.55),
(77, 394, 10, 15, 477.41),
(43, 298, 5, 15, 112.33),
(42, 278, 9, 10, 356.8),
(76, 677, 3, 5, 817.57),
(48, 333, 5, 10, 882.62),
(37, 428, 9, 5, 887.41),
(2, 873, 6, 10, 565.69),
(53, 175, 7, 25, 811.53),
(92, 839, 8, 10, 234.03),
(79, 66, 2, 5, 850.96),
(79, 776, 7, 20, 891.24),
(37, 255, 4, 15, 88.32),
(38, 892, 8, 25, 117.5),
(2, 940, 1, 5, 427.64),
(9, 104, 9, 25, 85.88),
(48, 633, 9, 10, 256.45),
(82, 733, 1, 20, 563.97),
(66, 77, 7, 20, 507.56),
(89, 41, 7, 20, 436.14),
(13, 406, 4, 20, 545.1),
(36, 565, 3, 25, 406.14),
(89, 998, 8, 15, 229.5),
(54, 398, 4, 5, 213.83),
(66, 134, 2, 10, 821.06),
(11, 874, 7, 15, 255.58),
(99, 896, 5, 15, 352.61),
(50, 407, 7, 20, 408.0),
(53, 751, 3, 25, 892.77),
(23, 242, 9, 20, 103.14),
(71, 149, 9, 15, 168.5),
(7, 224, 10, 10, 297.17),
(82, 17, 5, 10, 447.91),
(68, 857, 10, 15, 935.36),
(7, 199, 2, 10, 332.49),
(66, 862, 1, 5, 796.65),
(83, 927, 2, 5, 786.26),
(60, 449, 7, 5, 54.83),
(9, 190, 8, 25, 902.86),
(13, 716, 9, 25, 181.38),
(37, 546, 10, 20, 566.48),
(10, 271, 1, 25, 124.27),
(90, 830, 8, 10, 479.46),
(5, 992, 6, 20, 714.2),
(25, 576, 2, 10, 812.75),
(60, 661, 8, 20, 104.67),
(31, 851, 3, 25, 255.17),
(90, 292, 7, 5, 83.56),
(61, 808, 1, 25, 620.38),
(24, 823, 5, 25, 540.97),
(83, 422, 10, 10, 628.59),
(2, 422, 8, 5, 641.7),
(21, 752, 5, 25, 547.01),
(50, 315, 5, 5, 852.44),
(57, 791, 10, 5, 187.63),
(49, 539, 4, 10, 306.4),
(21, 164, 7, 15, 166.72),
(48, 522, 10, 25, 536.66),
(51, 283, 7, 15, 81.17),
(14, 177, 1, 15, 819.47),
(33, 568, 4, 25, 418.86),
(37, 980, 5, 10, 353.38),
(42, 804, 3, 10, 173.41),
(36, 254, 5, 25, 387.82),
(73, 674, 9, 10, 205.7),
(55, 341, 5, 10, 909.55),
(50, 455, 2, 15, 240.64),
(1, 75, 4, 20, 939.49),
(57, 413, 7, 20, 961.55),
(11, 98, 2, 15, 448.29),
(93, 767, 10, 10, 437.87),
(4, 360, 4, 20, 869.9),
(100, 111, 2, 25, 535.97),
(41, 766, 1, 15, 382.86),
(92, 144, 9, 15, 897.02),
(37, 378, 4, 15, 247.25),
(24, 27, 7, 25, 915.87),
(96, 72, 10, 5, 243.1),
(6, 825, 3, 10, 456.15),
(54, 870, 10, 15, 355.1),
(14, 208, 4, 20, 179.77),
(73, 736, 3, 10, 723.95),
(97, 569, 8, 20, 915.58),
(66, 910, 6, 15, 453.34),
(15, 979, 4, 20, 403.83),
(100, 515, 7, 20, 430.75),
(33, 24, 9, 15, 873.95),
(51, 915, 1, 25, 616.36),
(57, 484, 6, 5, 906.34),
(8, 978, 10, 15, 751.79),
(37, 496, 4, 25, 598.75),
(10, 92, 10, 5, 578.53),
(99, 268, 2, 25, 455.08),
(27, 992, 8, 15, 173.38),
(90, 301, 7, 15, 617.81),
(19, 462, 1, 15, 388.01),
(31, 344, 5, 25, 336.71),
(65, 581, 8, 25, 53.67),
(48, 573, 1, 10, 957.91),
(30, 426, 9, 25, 659.83),
(10, 347, 3, 25, 479.03),
(44, 419, 7, 10, 366.42),
(87, 626, 7, 10, 637.47),
(98, 391, 6, 20, 808.87),
(62, 789, 10, 15, 794.98),
(47, 538, 6, 10, 682.22),
(56, 211, 6, 25, 892.13),
(14, 656, 9, 5, 336.49),
(7, 595, 9, 10, 362.14),
(49, 699, 5, 25, 384.99),
(30, 372, 8, 10, 336.98),
(29, 508, 7, 25, 703.94),
(52, 579, 4, 15, 857.68),
(53, 105, 6, 25, 368.34),
(70, 836, 3, 5, 368.63),
(93, 788, 8, 25, 837.16),
(67, 472, 2, 25, 832.89),
(21, 388, 3, 15, 432.5),
(89, 750, 9, 20, 965.59),
(13, 650, 9, 20, 506.42),
(83, 924, 10, 20, 387.91),
(59, 318, 8, 10, 340.68),
(19, 83, 1, 15, 943.83),
(44, 640, 3, 20, 439.47),
(100, 259, 9, 15, 89.34),
(58, 101, 4, 15, 672.38),
(10, 579, 7, 15, 913.69),
(76, 983, 3, 5, 753.93),
(82, 430, 8, 25, 198.43),
(66, 216, 5, 20, 243.03),
(44, 261, 6, 20, 928.49),
(54, 888, 8, 20, 830.49),
(71, 398, 3, 10, 402.6),
(3, 39, 5, 15, 285.87),
(3, 275, 2, 20, 827.38),
(10, 228, 9, 25, 169.8),
(19, 104, 9, 10, 819.44),
(71, 255, 1, 5, 719.34),
(63, 216, 6, 10, 629.04),
(54, 118, 8, 20, 628.13),
(33, 451, 2, 10, 151.34),
(34, 89, 8, 15, 359.57),
(34, 628, 10, 25, 530.71),
(3, 47, 6, 10, 205.77),
(80, 135, 5, 5, 221.28),
(49, 340, 6, 20, 421.36),
(73, 721, 4, 25, 330.47),
(63, 608, 3, 5, 607.73),
(2, 280, 8, 25, 317.04),
(21, 523, 7, 25, 543.58),
(14, 244, 4, 15, 548.94),
(25, 836, 1, 25, 106.37),
(81, 511, 3, 10, 368.39),
(43, 184, 7, 20, 995.56),
(23, 5, 2, 20, 854.18),
(20, 191, 10, 5, 51.97),
(33, 462, 8, 5, 653.77),
(38, 103, 9, 15, 954.35),
(3, 22, 8, 10, 282.32),
(72, 868, 6, 5, 323.26),
(80, 583, 3, 25, 759.48),
(30, 532, 1, 10, 938.99),
(57, 826, 2, 25, 62.28),
(69, 672, 3, 15, 750.85),
(39, 181, 10, 20, 565.6),
(53, 949, 10, 10, 885.59),
(77, 348, 8, 20, 273.06),
(15, 949, 7, 5, 79.98),
(78, 704, 7, 15, 799.87),
(96, 790, 2, 20, 146.21),
(42, 836, 9, 15, 499.17),
(88, 511, 7, 25, 909.27),
(87, 806, 7, 10, 140.8),
(52, 901, 4, 25, 249.72),
(26, 107, 7, 15, 894.69),
(43, 287, 9, 5, 785.64),
(42, 667, 3, 20, 661.81),
(13, 556, 8, 5, 522.25),
(60, 46, 3, 10, 518.54),
(49, 687, 4, 20, 648.55),
(38, 288, 5, 5, 846.38),
(88, 198, 8, 25, 968.12),
(43, 24, 6, 20, 699.88),
(81, 207, 6, 15, 260.4),
(80, 177, 6, 10, 709.61),
(61, 931, 7, 25, 577.91),
(4, 331, 9, 25, 51.14),
(36, 31, 4, 15, 605.75),
(88, 209, 7, 10, 225.64),
(48, 32, 3, 25, 664.17),
(20, 81, 7, 20, 975.74),
(95, 28, 2, 5, 148.98),
(90, 247, 5, 20, 396.69),
(41, 629, 8, 5, 591.44),
(29, 366, 6, 20, 313.95),
(32, 876, 7, 20, 761.85),
(45, 821, 5, 15, 929.73),
(32, 551, 2, 15, 147.09),
(24, 707, 10, 15, 286.95),
(74, 907, 7, 10, 548.14),
(58, 625, 6, 20, 212.23),
(55, 120, 9, 20, 297.77),
(27, 869, 9, 5, 801.19),
(38, 722, 5, 20, 556.92),
(32, 865, 3, 20, 889.56),
(95, 31, 4, 20, 396.76),
(49, 456, 6, 25, 614.85),
(63, 384, 8, 10, 500.1),
(67, 69, 10, 10, 756.06),
(100, 452, 6, 10, 451.96),
(10, 805, 3, 25, 713.61),
(59, 416, 5, 10, 817.69),
(65, 345, 5, 20, 794.53),
(38, 597, 7, 20, 667.68),
(38, 149, 4, 20, 148.86),
(32, 278, 8, 15, 772.96),
(30, 559, 6, 10, 317.82),
(37, 401, 1, 25, 267.4),
(100, 315, 5, 15, 512.99),
(83, 615, 7, 10, 868.21),
(89, 718, 2, 5, 319.97),
(32, 190, 9, 5, 500.46),
(55, 116, 9, 20, 105.49),
(65, 323, 9, 25, 507.95),
(16, 636, 4, 10, 387.74),
(48, 7, 6, 5, 314.21),
(84, 31, 9, 5, 762.89);

INSERT INTO purchase (purchase_id, buyer_id, order_date, required_date, shipped_date, status, payment) VALUES 
(1,  1, '2017-01-01', '2017-01-02', NULL, 'Pending', 0),
(2,  2, '2017-01-01', '2017-01-02', NULL, 'Cancel', 0),
(3,  4, '2017-01-01', '2017-01-02', NULL, 'Pending', 0),
(4,  4, '2017-01-01', '2017-01-02', NULL, 'Pending', 0),
(5,  3, '2017-01-01', '2017-01-02', NULL, 'Cancel', 0),
(6,  2, '2017-01-01', '2017-01-02', NULL, 'Cancel', 0),
(7,  3, '2017-01-01', '2017-01-02', '2017-02-01', 'Delivered', 1),
(8,  4, '2017-01-01', '2017-01-02', '2017-02-01', 'Delivered', 1),
(9,  6, '2017-01-01', '2017-01-02', NULL, 'Pending', 0),
(10, 7, '2017-01-01', '2017-01-02', NULL, 'Pending', 0),
(11, 9, '2017-01-01', '2017-01-02', NULL, 'Cancel', 0),
(12, 7, '2017-01-01', '2017-01-02', NULL, 'Cancel', 0),
(13,10, '2017-01-01', '2017-01-02', NULL, 'Pending', 1),
(14, 9, '2017-01-01', '2017-01-02', NULL, 'Pending', 0),
(15, 2, '2017-01-01', '2017-01-02', NULL, 'Cancel', 0),
(16,10, '2017-01-01', '2017-01-02', NULL, 'Cancel', 0),
(17, 6, '2017-01-01', '2017-01-02', NULL, 'Pending', 0),
(18, 7, '2017-01-01', '2017-01-02', '2017-02-01', 'Delivered', 1),
(19, 3, '2017-01-01', '2017-01-02', '2017-02-01', 'Delivered', 1),
(20, 6, '2017-01-01', '2017-01-02', NULL, 'Pending', 0),
(21, 5, '2017-01-01', '2017-01-02', NULL, 'Pending', 0),
(22, 8, '2017-01-01', '2017-01-02', NULL, 'Cancel', 0),
(23, 1, '2017-01-01', '2017-01-02', '2017-02-01', 'Delivered', 1),
(24, 3, '2017-01-01', '2017-01-02', NULL, 'Pending', 1),
(25, 8, '2017-01-01', '2017-01-02', NULL, 'Cancel', 0),
(26, 1, '2017-01-01', '2017-01-02', NULL, 'Cancel', 0),
(27, 5, '2017-01-01', '2017-01-02', NULL, 'Cancel', 0),
(28, 5, '2017-01-01', '2017-01-02', NULL, 'Pending', 1),
(29, 1, '2017-01-01', '2017-01-02', NULL, 'Cancel', 0),
(30, 2, '2017-01-01', '2017-01-02', '2017-02-01', 'Delivered', 1),
(31, 6, '2017-01-01', '2017-01-02', NULL, 'Cancel', 0),
(32, 1, '2017-01-01', '2017-01-02', NULL, 'Pending', 0),
(33, 8, '2017-01-01', '2017-01-02', NULL, 'Pending', 1),
(34, 4, '2017-01-01', '2017-01-02', '2017-02-01', 'Delivered', 1),
(35, 9, '2017-01-01', '2017-01-02', '2017-02-01', 'Delivered', 1),
(36,10, '2017-01-01', '2017-01-02', NULL, 'Cancel', 0),
(37, 8, '2017-01-01', '2017-01-02', NULL, 'Pending', 0),
(38, 6, '2017-01-01', '2017-01-02', NULL, 'Pending', 0),
(39, 2, '2017-01-01', '2017-01-02', NULL, 'Pending', 0),
(40, 7, '2017-01-01', '2017-01-02', NULL, 'Pending', 0),
(41, 3, '2017-01-01', '2017-01-02', NULL, 'Cancel', 0),
(42,10, '2017-01-01', '2017-01-02', NULL, 'Cancel', 0),
(43, 2, '2017-01-01', '2017-01-02', NULL, 'Pending', 1),
(44, 2, '2017-01-01', '2017-01-02', '2017-02-01', 'Delivered', 1),
(45, 8, '2017-01-01', '2017-01-02', NULL, 'Cancel', 0),
(46, 3, '2017-01-01', '2017-01-02', NULL, 'Pending', 1),
(47, 6, '2017-01-01', '2017-01-02', NULL, 'Pending', 0),
(48, 1, '2017-01-01', '2017-01-02', NULL, 'Pending', 0),
(49, 6, '2017-01-01', '2017-01-02', NULL, 'Pending', 0),
(50, 5, '2017-01-01', '2017-01-02', NULL, 'Pending', 0),
(51,10, '2017-01-01', '2017-01-02', NULL, 'Pending', 0),
(52, 2, '2017-01-01', '2017-01-02', NULL, 'Pending', 1),
(53,10, '2017-01-01', '2017-01-02', NULL, 'Pending', 0),
(54, 6, '2017-01-01', '2017-01-02', NULL, 'Pending', 1),
(55, 5, '2017-01-01', '2017-01-02', NULL, 'Cancel', 0),
(56, 3, '2017-01-01', '2017-01-02', '2017-02-01', 'Delivered', 1),
(57, 9, '2017-01-01', '2017-01-02', NULL, 'Cancel', 0),
(58, 3, '2017-01-01', '2017-01-02', NULL, 'Cancel', 0),
(59, 1, '2017-01-01', '2017-01-02', '2017-02-01', 'Delivered', 1),
(60, 6, '2017-01-01', '2017-01-02', NULL, 'Cancel', 0),
(61, 8, '2017-01-01', '2017-01-02', NULL, 'Pending', 0),
(62, 6, '2017-01-01', '2017-01-02', NULL, 'Cancel', 0),
(63, 2, '2017-01-01', '2017-01-02', NULL, 'Pending', 0),
(64, 2, '2017-01-01', '2017-01-02', NULL, 'Pending', 1),
(65, 8, '2017-01-01', '2017-01-02', NULL, 'Pending', 0),
(66, 4, '2017-01-01', '2017-01-02', '2017-02-01', 'Delivered', 1),
(67, 2, '2017-01-01', '2017-01-02', NULL, 'Pending', 0),
(68, 7, '2017-01-01', '2017-01-02', NULL, 'Cancel', 0),
(69, 7, '2017-01-01', '2017-01-02', NULL, 'Pending', 0),
(70, 8, '2017-01-01', '2017-01-02', NULL, 'Cancel', 0),
(71,10, '2017-01-01', '2017-01-02', NULL, 'Pending', 1),
(72, 5, '2017-01-01', '2017-01-02', '2017-02-01', 'Delivered', 1),
(73, 8, '2017-01-01', '2017-01-02', NULL, 'Pending', 0),
(74, 1, '2017-01-01', '2017-01-02', NULL, 'Pending', 0),
(75, 2, '2017-01-01', '2017-01-02', '2017-02-01', 'Delivered', 1),
(76, 2, '2017-01-01', '2017-01-02', NULL, 'Cancel', 0),
(77, 4, '2017-01-01', '2017-01-02', '2017-02-01', 'Delivered', 1),
(78, 5, '2017-01-01', '2017-01-02', '2017-02-01', 'Delivered', 1),
(79, 9, '2017-01-01', '2017-01-02', NULL, 'Cancel', 0),
(80, 2, '2017-01-01', '2017-01-02', NULL, 'Pending', 0),
(81, 1, '2017-01-01', '2017-01-02', NULL, 'Cancel', 0),
(82, 4, '2017-01-01', '2017-01-02', '2017-02-01', 'Delivered', 1),
(83, 1, '2017-01-01', '2017-01-02', NULL, 'Cancel', 0),
(84,10, '2017-01-01', '2017-01-02', NULL, 'Pending', 0),
(85,10, '2017-01-01', '2017-01-02', NULL, 'Cancel', 0),
(86,10, '2017-01-01', '2017-01-02', NULL, 'Cancel', 0),
(87, 2, '2017-01-01', '2017-01-02', NULL, 'Pending', 0),
(88, 8, '2017-01-01', '2017-01-02', NULL, 'Pending', 0),
(89, 1, '2017-01-01', '2017-01-02', NULL, 'Cancel', 0),
(90, 5, '2017-01-01', '2017-01-02', NULL, 'Pending', 0),
(91, 1, '2017-01-01', '2017-01-02', NULL, 'Pending', 1),
(92, 5, '2017-01-01', '2017-01-02', NULL, 'Cancel', 0),
(93, 1, '2017-01-01', '2017-01-02', NULL, 'Pending', 1),
(94, 7, '2017-01-01', '2017-01-02', NULL, 'Cancel', 0),
(95, 8, '2017-01-01', '2017-01-02', NULL, 'Pending', 0),
(96, 7, '2017-01-01', '2017-01-02', '2017-02-01', 'Delivered', 1),
(97, 4, '2017-01-01', '2017-01-02', '2017-02-01', 'Delivered', 1),
(98, 1, '2017-01-01', '2017-01-02', NULL, 'Pending', 0),
(99, 9, '2017-01-01', '2017-01-02', NULL, 'Pending', 1),
(100, 9, '2017-01-01', '2017-01-02', NULL, 'Pending', 1);
INSERT INTO purchase_detail (purchase_id, stock_id, quantity, discount, price_each) VALUES 
(84, 865, 6, 15, 973.84),
(52, 653, 6, 25, 466.78),
(59, 406, 2, 10, 779.25),
(25, 434, 8, 10, 181.53),
(43, 670, 6, 5, 358.9),
(20, 76, 3, 5, 243.54),
(8, 762, 5, 20, 663.36),
(79, 687, 4, 5, 260.04),
(27, 499, 5, 20, 905.48),
(35, 108, 9, 20, 128.14),
(6, 495, 2, 10, 785.3),
(36, 204, 5, 20, 908.89),
(23, 419, 8, 5, 76.69),
(93, 560, 4, 15, 179.89),
(45, 855, 8, 5, 91.3),
(38, 102, 1, 10, 876.46),
(48, 353, 1, 10, 170.93),
(79, 813, 9, 10, 61.91),
(6, 721, 7, 5, 315.35),
(87, 999, 5, 25, 938.68),
(68, 15, 7, 5, 715.88),
(10, 311, 7, 20, 752.41),
(69, 947, 6, 25, 675.33),
(85, 472, 7, 25, 530.2),
(26, 810, 5, 20, 67.4),
(64, 866, 9, 10, 505.71),
(50, 901, 7, 25, 333.93),
(8, 849, 1, 10, 112.31),
(43, 797, 2, 5, 717.45),
(39, 782, 5, 20, 232.17),
(87, 594, 5, 20, 434.69),
(27, 245, 8, 20, 818.56),
(45, 766, 3, 5, 387.59),
(80, 558, 2, 15, 444.7),
(72, 720, 10, 25, 173.96),
(9, 553, 4, 25, 430.03),
(78, 212, 5, 10, 879.41),
(96, 924, 9, 5, 121.81),
(8, 782, 6, 10, 83.45),
(36, 729, 3, 25, 401.8),
(66, 669, 3, 20, 472.03),
(12, 997, 4, 10, 100.98),
(61, 105, 1, 20, 543.23),
(7, 904, 8, 5, 300.95),
(68, 216, 1, 20, 101.06),
(61, 172, 1, 5, 185.29),
(78, 177, 4, 15, 867.53),
(94, 964, 4, 25, 120.52),
(85, 183, 1, 10, 511.59),
(20, 952, 1, 10, 922.46),
(97, 79, 1, 10, 357.67),
(23, 471, 3, 25, 593.97),
(2, 386, 5, 20, 974.71),
(49, 378, 2, 20, 659.85),
(99, 788, 7, 25, 973.91),
(38, 895, 3, 20, 670.94),
(10, 1, 2, 10, 423.24),
(49, 748, 1, 20, 88.55),
(66, 951, 10, 10, 662.52),
(96, 160, 2, 10, 362.87),
(28, 879, 5, 5, 179.14),
(51, 511, 2, 15, 132.11),
(27, 533, 5, 20, 557.22),
(22, 229, 10, 15, 921.9),
(3, 877, 8, 15, 683.85),
(36, 142, 5, 25, 594.84),
(47, 378, 1, 5, 847.87),
(65, 199, 4, 5, 307.18),
(86, 515, 10, 20, 226.05),
(67, 533, 10, 5, 602.05),
(64, 201, 4, 10, 352.73),
(76, 522, 5, 10, 765.17),
(55, 844, 4, 10, 813.66),
(97, 773, 3, 20, 580.6),
(93, 316, 1, 15, 871.71),
(85, 455, 2, 20, 125.25),
(47, 945, 4, 25, 463.0),
(33, 947, 1, 15, 325.24),
(99, 939, 3, 5, 917.43),
(82, 38, 10, 5, 832.48),
(45, 341, 1, 15, 281.05),
(88, 523, 10, 5, 255.24),
(100, 601, 3, 10, 967.58),
(59, 48, 8, 20, 670.98),
(26, 821, 8, 20, 261.27),
(95, 815, 10, 15, 156.89),
(40, 304, 7, 10, 833.04),
(67, 8, 8, 5, 233.75),
(82, 720, 6, 25, 776.65),
(5, 623, 6, 5, 801.54),
(44, 758, 9, 10, 452.83),
(68, 805, 2, 15, 966.06),
(6, 681, 4, 5, 902.78),
(77, 293, 3, 5, 845.09),
(79, 828, 8, 15, 323.06),
(73, 642, 5, 25, 662.63),
(44, 203, 7, 5, 761.77),
(15, 82, 4, 25, 330.25),
(24, 33, 10, 5, 693.54),
(87, 527, 3, 15, 236.59),
(7, 838, 7, 25, 806.31),
(39, 921, 10, 15, 501.09),
(76, 60, 10, 5, 241.41),
(19, 608, 8, 10, 321.33),
(95, 717, 5, 15, 747.7),
(59, 602, 1, 25, 355.23),
(35, 648, 2, 15, 734.56),
(83, 180, 6, 20, 832.62),
(76, 976, 2, 10, 306.92),
(92, 299, 4, 15, 373.41),
(67, 277, 1, 15, 305.23),
(53, 893, 8, 25, 568.5),
(57, 588, 7, 25, 616.07),
(16, 186, 2, 15, 382.46),
(88, 909, 5, 10, 835.14),
(37, 948, 4, 10, 147.7),
(20, 417, 2, 15, 518.14),
(94, 65, 10, 10, 893.52),
(77, 971, 3, 20, 581.57),
(52, 877, 4, 20, 271.88),
(88, 963, 9, 20, 358.52),
(57, 320, 8, 15, 232.9),
(36, 407, 9, 10, 307.21),
(94, 313, 2, 25, 234.25),
(22, 503, 2, 5, 668.97),
(49, 428, 3, 15, 889.82),
(59, 120, 2, 15, 266.09),
(83, 737, 8, 15, 863.81),
(77, 436, 5, 5, 278.96),
(72, 266, 2, 5, 626.87),
(16, 300, 9, 5, 304.21),
(62, 420, 5, 25, 545.06),
(23, 937, 9, 25, 371.36),
(18, 821, 2, 25, 200.21),
(14, 264, 6, 20, 172.46),
(63, 642, 4, 5, 76.98),
(92, 399, 9, 20, 828.43),
(85, 221, 2, 25, 171.79),
(67, 525, 5, 5, 554.91),
(72, 580, 7, 5, 99.08),
(50, 775, 5, 20, 670.96),
(63, 412, 7, 15, 79.01),
(60, 681, 2, 10, 561.61),
(52, 720, 5, 15, 253.21),
(2, 560, 1, 20, 363.63),
(77, 114, 7, 20, 134.46),
(74, 278, 5, 25, 427.49),
(65, 158, 10, 20, 354.43),
(41, 690, 5, 5, 74.46),
(21, 853, 7, 5, 401.78),
(80, 11, 7, 15, 714.71),
(84, 284, 5, 5, 962.19),
(76, 77, 9, 25, 820.59),
(92, 813, 7, 15, 222.6),
(28, 93, 8, 10, 662.59),
(81, 19, 2, 15, 452.31),
(52, 973, 4, 10, 419.73),
(89, 572, 7, 25, 50.76),
(45, 256, 5, 10, 671.97),
(94, 363, 2, 10, 118.7),
(16, 264, 10, 15, 677.05),
(20, 100, 4, 15, 139.47),
(78, 633, 10, 20, 563.01),
(78, 942, 2, 15, 520.64),
(35, 53, 4, 20, 217.24),
(6, 555, 4, 20, 134.23),
(67, 864, 9, 5, 207.03),
(33, 695, 4, 25, 732.13),
(54, 16, 4, 5, 690.87),
(24, 315, 4, 5, 739.82),
(70, 649, 9, 10, 571.26),
(96, 470, 7, 15, 546.12),
(42, 449, 4, 20, 744.43),
(21, 407, 3, 10, 188.96),
(43, 28, 7, 15, 765.12),
(49, 238, 5, 10, 466.47),
(29, 412, 1, 10, 903.9),
(29, 55, 2, 20, 927.12),
(90, 697, 2, 20, 733.22),
(92, 719, 4, 15, 552.78),
(81, 550, 5, 15, 74.73),
(82, 228, 5, 5, 581.87),
(11, 362, 1, 25, 538.05),
(36, 572, 5, 20, 55.49),
(13, 518, 1, 25, 202.09),
(21, 157, 1, 10, 294.03),
(7, 907, 10, 20, 690.67),
(34, 696, 3, 25, 240.31),
(5, 876, 3, 25, 470.76),
(87, 748, 1, 15, 623.59),
(12, 626, 10, 5, 804.13),
(9, 291, 9, 15, 985.59),
(50, 719, 10, 15, 145.49),
(19, 712, 4, 20, 338.1),
(21, 717, 3, 5, 709.48),
(70, 750, 1, 20, 307.79),
(96, 793, 4, 5, 172.74),
(94, 951, 7, 20, 742.35),
(35, 74, 10, 20, 398.68),
(50, 887, 2, 25, 814.14),
(1, 259, 3, 5, 210.08),
(7, 864, 9, 10, 794.69),
(11, 732, 6, 25, 269.84),
(66, 153, 5, 25, 325.13),
(49, 414, 3, 20, 473.56),
(82, 123, 1, 25, 377.98),
(42, 269, 2, 25, 360.55),
(67, 57, 10, 25, 760.04),
(62, 240, 8, 10, 574.55),
(2, 497, 6, 15, 859.2),
(14, 601, 8, 5, 778.45),
(78, 362, 2, 25, 233.31),
(10, 939, 8, 25, 473.46),
(25, 853, 1, 25, 470.64),
(86, 545, 2, 10, 542.47),
(9, 654, 8, 10, 454.14),
(42, 977, 9, 20, 387.87),
(54, 454, 2, 10, 329.43),
(19, 328, 8, 25, 849.69),
(4, 780, 5, 10, 615.9),
(56, 904, 9, 5, 199.25),
(64, 804, 2, 25, 202.97),
(34, 141, 1, 10, 104.34),
(14, 844, 1, 25, 837.41),
(67, 317, 1, 10, 688.81),
(49, 715, 6, 5, 954.86),
(73, 601, 8, 10, 608.52),
(33, 812, 9, 10, 425.2),
(19, 361, 9, 10, 143.7),
(49, 426, 6, 5, 118.88),
(73, 813, 4, 10, 890.85),
(86, 405, 9, 5, 593.75),
(61, 77, 10, 10, 412.76),
(9, 60, 5, 10, 452.17),
(10, 655, 4, 20, 439.97),
(46, 609, 6, 5, 712.71),
(86, 260, 4, 25, 616.85),
(65, 67, 6, 20, 599.86),
(92, 861, 2, 15, 717.38),
(10, 301, 7, 20, 74.39),
(42, 550, 9, 25, 339.98),
(5, 125, 9, 10, 786.18),
(70, 582, 4, 25, 442.91),
(67, 249, 4, 10, 932.31),
(86, 841, 5, 10, 750.21),
(22, 908, 6, 15, 151.3),
(69, 242, 3, 25, 454.59),
(90, 444, 8, 20, 420.52),
(84, 41, 4, 15, 807.63),
(17, 407, 5, 10, 688.6),
(39, 170, 5, 5, 882.53),
(53, 259, 8, 5, 730.39),
(20, 146, 6, 15, 625.58),
(91, 273, 9, 20, 723.66),
(73, 849, 5, 25, 481.05),
(57, 119, 10, 10, 390.4),
(37, 59, 10, 15, 587.09),
(39, 718, 9, 15, 114.68),
(12, 528, 2, 5, 74.91),
(28, 6, 1, 15, 948.14),
(99, 525, 7, 10, 582.71),
(57, 659, 4, 15, 473.65),
(58, 46, 9, 10, 828.53),
(28, 341, 3, 15, 856.51),
(79, 824, 10, 15, 723.87),
(43, 885, 9, 25, 338.88),
(100, 274, 6, 25, 208.01),
(20, 397, 6, 20, 932.44),
(4, 120, 7, 20, 197.36),
(100, 894, 8, 15, 661.44),
(3, 610, 10, 20, 186.06),
(6, 964, 2, 20, 608.29),
(43, 759, 10, 20, 703.76),
(55, 44, 10, 25, 191.82),
(91, 510, 1, 25, 557.62),
(1, 70, 1, 10, 218.21),
(68, 726, 3, 20, 290.47),
(43, 158, 5, 5, 378.09),
(12, 327, 9, 5, 891.62),
(68, 636, 10, 5, 552.93),
(33, 688, 9, 25, 81.37),
(61, 351, 8, 20, 122.75),
(39, 307, 10, 10, 451.64),
(10, 24, 2, 15, 986.18),
(13, 547, 4, 5, 823.79),
(64, 766, 1, 15, 549.15),
(82, 876, 3, 15, 498.21),
(27, 123, 8, 15, 565.91),
(97, 264, 6, 15, 52.21),
(8, 651, 10, 20, 544.62),
(73, 172, 1, 15, 505.81),
(8, 821, 2, 20, 852.94),
(44, 949, 5, 20, 415.98),
(94, 891, 3, 20, 149.89),
(71, 921, 2, 25, 106.99),
(42, 614, 1, 20, 638.38),
(43, 540, 6, 10, 280.94),
(60, 437, 8, 10, 319.81),
(29, 255, 9, 10, 963.24),
(15, 876, 2, 25, 459.01),
(20, 301, 7, 25, 72.89),
(10, 477, 2, 10, 324.51),
(37, 814, 8, 25, 951.54),
(74, 115, 7, 10, 764.23),
(33, 952, 2, 20, 171.13),
(44, 681, 3, 20, 221.7),
(28, 895, 3, 25, 683.56),
(60, 533, 2, 20, 775.8),
(48, 855, 3, 25, 731.78),
(31, 328, 1, 10, 923.0),
(20, 602, 7, 15, 159.4),
(7, 88, 8, 10, 199.09),
(95, 994, 8, 5, 323.43),
(5, 110, 10, 25, 310.35),
(11, 904, 8, 10, 882.23),
(92, 808, 1, 20, 180.28),
(34, 336, 8, 15, 234.7),
(45, 18, 1, 5, 863.55),
(54, 877, 7, 10, 503.55),
(37, 417, 2, 20, 616.62),
(29, 121, 1, 20, 815.22),
(72, 370, 3, 20, 794.06),
(83, 887, 6, 10, 82.21),
(48, 48, 5, 5, 121.7),
(47, 669, 4, 10, 865.92),
(94, 129, 6, 15, 126.57),
(44, 480, 10, 20, 608.47),
(64, 661, 3, 15, 851.72),
(45, 417, 1, 5, 65.18),
(83, 886, 9, 10, 300.05),
(86, 826, 6, 20, 410.47),
(6, 831, 5, 25, 953.25),
(9, 828, 7, 15, 388.18),
(35, 367, 9, 10, 355.09),
(68, 604, 7, 25, 912.55),
(20, 276, 10, 25, 183.46),
(54, 951, 3, 5, 219.13),
(64, 350, 10, 10, 258.5),
(2, 276, 9, 25, 906.13),
(37, 850, 2, 10, 866.07),
(81, 496, 2, 15, 495.21),
(70, 167, 3, 20, 643.27),
(54, 978, 4, 5, 592.09),
(64, 499, 2, 15, 970.41),
(73, 884, 7, 25, 104.56),
(31, 41, 6, 10, 717.63),
(42, 752, 7, 20, 110.93),
(94, 870, 3, 5, 93.09),
(1, 521, 3, 10, 347.91),
(92, 756, 1, 10, 968.39),
(50, 251, 9, 10, 494.97),
(12, 994, 10, 5, 58.39),
(23, 827, 3, 10, 487.23),
(20, 434, 8, 25, 406.78),
(55, 989, 1, 25, 574.49),
(31, 644, 8, 10, 886.5),
(47, 998, 1, 25, 365.6),
(50, 649, 4, 5, 986.55),
(5, 634, 4, 15, 524.76),
(76, 386, 1, 15, 767.42),
(12, 354, 7, 10, 108.22),
(35, 613, 5, 15, 129.02),
(23, 355, 2, 25, 655.97),
(39, 901, 7, 5, 818.11),
(82, 784, 1, 5, 565.67),
(3, 90, 2, 25, 597.68),
(98, 39, 4, 20, 594.98),
(13, 473, 4, 10, 472.56),
(65, 324, 1, 10, 122.78),
(7, 247, 4, 10, 78.1),
(63, 341, 1, 15, 59.13),
(90, 969, 6, 20, 908.64),
(93, 458, 7, 5, 784.9),
(23, 872, 6, 25, 575.55),
(20, 61, 10, 15, 385.92),
(68, 403, 2, 25, 137.56),
(95, 348, 8, 20, 963.79),
(46, 551, 7, 20, 637.39),
(23, 734, 10, 10, 503.05),
(75, 511, 4, 5, 233.23),
(67, 374, 5, 10, 183.2),
(59, 650, 2, 25, 291.26),
(76, 314, 10, 15, 500.21),
(8, 377, 9, 5, 453.09),
(66, 110, 7, 20, 975.41),
(29, 708, 7, 10, 557.14),
(31, 654, 7, 20, 787.32),
(49, 793, 4, 15, 188.37),
(20, 868, 5, 25, 401.58),
(68, 71, 1, 5, 439.94),
(1, 352, 1, 5, 165.58),
(100, 149, 1, 10, 389.8),
(86, 333, 9, 25, 562.78),
(84, 363, 4, 20, 838.68),
(40, 165, 9, 25, 228.44),
(84, 460, 10, 25, 752.23),
(95, 842, 6, 25, 864.8),
(8, 831, 3, 25, 980.5),
(36, 324, 10, 10, 814.39),
(37, 242, 1, 5, 879.82),
(64, 93, 4, 10, 697.04),
(77, 362, 9, 25, 831.51),
(10, 82, 3, 20, 283.1),
(23, 44, 3, 5, 633.86),
(87, 966, 1, 20, 487.13),
(46, 19, 7, 5, 769.53),
(19, 755, 2, 10, 439.68),
(59, 621, 2, 15, 67.87),
(99, 800, 4, 10, 856.75),
(12, 756, 10, 5, 844.74),
(14, 996, 2, 25, 950.0),
(3, 934, 7, 5, 347.17),
(77, 58, 10, 25, 79.91),
(91, 671, 10, 10, 681.24),
(94, 804, 7, 5, 612.38),
(4, 34, 1, 25, 84.65),
(85, 160, 8, 20, 596.6),
(80, 306, 3, 15, 697.93),
(10, 170, 4, 15, 859.55),
(5, 628, 8, 5, 542.85),
(38, 291, 5, 15, 715.35),
(1, 75, 7, 25, 149.15),
(80, 67, 1, 25, 923.77),
(1, 310, 2, 25, 294.82),
(2, 778, 1, 15, 245.24),
(38, 490, 5, 25, 459.85),
(16, 926, 3, 10, 921.32),
(82, 205, 10, 20, 502.34),
(7, 422, 6, 25, 558.47),
(39, 870, 5, 15, 838.49),
(16, 196, 10, 20, 981.56),
(50, 163, 8, 5, 651.05),
(53, 756, 9, 10, 277.86),
(69, 504, 1, 10, 981.82),
(38, 643, 9, 20, 597.1),
(4, 779, 10, 5, 498.37),
(42, 262, 2, 20, 630.06),
(12, 428, 4, 20, 191.51),
(85, 792, 10, 15, 818.59),
(47, 529, 10, 20, 605.54),
(67, 198, 1, 5, 450.44),
(74, 768, 8, 15, 830.4),
(63, 447, 3, 20, 524.09),
(44, 35, 7, 10, 777.42),
(7, 677, 9, 10, 483.34),
(77, 731, 8, 10, 51.75),
(32, 777, 1, 25, 509.45),
(79, 831, 10, 20, 963.33),
(52, 240, 2, 15, 234.62),
(61, 988, 3, 25, 828.35),
(13, 10, 6, 10, 585.63),
(52, 592, 1, 25, 264.19),
(59, 853, 9, 25, 488.84),
(55, 406, 1, 5, 78.55),
(33, 362, 3, 20, 379.11),
(89, 625, 10, 10, 359.78),
(23, 818, 10, 5, 539.43),
(24, 172, 8, 15, 146.85),
(78, 547, 3, 15, 133.51),
(49, 313, 9, 15, 631.68),
(4, 717, 4, 20, 345.4),
(54, 758, 9, 5, 890.05),
(6, 838, 9, 10, 671.77),
(79, 676, 10, 10, 294.79),
(53, 507, 9, 5, 491.0),
(50, 346, 10, 5, 110.61),
(13, 986, 10, 20, 631.45),
(75, 694, 8, 10, 894.31),
(93, 76, 4, 25, 535.94),
(3, 80, 5, 20, 599.96),
(80, 133, 4, 15, 377.25),
(96, 970, 4, 10, 765.78),
(93, 145, 2, 5, 415.97),
(33, 695, 10, 10, 540.21),
(79, 672, 6, 25, 320.39),
(64, 507, 4, 5, 880.2),
(88, 192, 4, 15, 406.31),
(97, 79, 8, 25, 352.46),
(26, 808, 1, 25, 941.78),
(45, 314, 4, 25, 556.32),
(7, 28, 7, 15, 297.11),
(16, 262, 7, 15, 442.36),
(79, 911, 1, 25, 665.8),
(71, 103, 3, 10, 458.9),
(25, 169, 1, 5, 101.43),
(73, 806, 9, 10, 626.64),
(25, 287, 5, 5, 543.65),
(45, 506, 7, 10, 161.91),
(26, 109, 7, 10, 662.43),
(81, 574, 4, 10, 564.13),
(90, 854, 2, 25, 71.47),
(56, 182, 6, 5, 220.09),
(60, 591, 4, 15, 868.43),
(37, 208, 7, 10, 98.27),
(96, 716, 4, 5, 594.78),
(54, 548, 3, 15, 986.58),
(35, 205, 1, 15, 65.08),
(98, 663, 1, 20, 480.57),
(45, 356, 8, 10, 140.37),
(68, 945, 10, 20, 622.1),
(40, 177, 9, 5, 666.59),
(65, 886, 9, 20, 304.02),
(62, 810, 4, 15, 811.07),
(11, 913, 7, 15, 860.47),
(6, 665, 3, 25, 421.1),
(86, 587, 5, 25, 905.0),
(39, 79, 10, 15, 920.26),
(9, 874, 4, 5, 510.48),
(90, 865, 6, 10, 647.66),
(28, 591, 10, 15, 244.09),
(56, 30, 6, 10, 557.43),
(66, 759, 7, 25, 820.57),
(48, 700, 10, 15, 218.23),
(46, 616, 8, 25, 456.59),
(76, 797, 2, 10, 447.09),
(65, 335, 1, 10, 168.21),
(70, 603, 2, 10, 363.37),
(89, 190, 2, 15, 520.56),
(84, 651, 8, 5, 527.05),
(90, 884, 6, 5, 413.15),
(89, 593, 8, 10, 702.07),
(45, 195, 6, 10, 404.17),
(35, 329, 5, 15, 688.42),
(36, 552, 3, 25, 937.38),
(57, 619, 9, 10, 134.68),
(41, 674, 9, 15, 955.19),
(4, 714, 1, 25, 159.3),
(53, 652, 8, 15, 381.65),
(82, 44, 9, 20, 79.49),
(30, 465, 6, 20, 636.45),
(6, 509, 2, 15, 512.1),
(27, 830, 4, 20, 980.33),
(81, 666, 1, 10, 371.07),
(67, 837, 9, 5, 403.86),
(16, 854, 1, 20, 224.82),
(49, 423, 6, 15, 856.75),
(54, 742, 10, 5, 568.73),
(73, 874, 6, 25, 168.82),
(47, 969, 7, 20, 122.57),
(7, 938, 7, 10, 111.09),
(27, 931, 7, 15, 492.21),
(41, 976, 5, 25, 634.33),
(4, 579, 3, 10, 870.94),
(78, 136, 8, 25, 392.76),
(35, 939, 9, 10, 847.2),
(47, 248, 2, 25, 223.15),
(92, 841, 9, 15, 282.06),
(92, 56, 3, 10, 196.56),
(42, 56, 2, 25, 915.47),
(95, 37, 2, 5, 391.71),
(87, 1, 8, 15, 890.79),
(68, 976, 4, 10, 825.4),
(19, 209, 4, 10, 965.49),
(81, 745, 10, 20, 536.8),
(81, 296, 1, 25, 135.67),
(80, 720, 4, 10, 497.24),
(66, 38, 6, 20, 588.6),
(7, 462, 9, 15, 482.55),
(41, 768, 1, 25, 992.13),
(89, 653, 7, 5, 234.05),
(14, 630, 4, 5, 500.63),
(10, 958, 3, 15, 236.29),
(32, 982, 8, 25, 432.43),
(46, 341, 4, 25, 307.77),
(34, 852, 4, 15, 561.67),
(91, 752, 6, 10, 967.06),
(99, 624, 8, 20, 515.4),
(61, 467, 9, 5, 609.45),
(87, 92, 2, 5, 452.62),
(46, 456, 4, 15, 788.35),
(84, 41, 4, 15, 784.82),
(22, 930, 4, 25, 390.58),
(35, 77, 7, 25, 107.64),
(89, 513, 10, 20, 423.05),
(15, 518, 2, 15, 448.74),
(64, 924, 8, 25, 344.45),
(96, 385, 4, 20, 777.34),
(39, 503, 8, 15, 626.44),
(30, 540, 3, 10, 384.82),
(25, 481, 7, 15, 377.67),
(83, 122, 1, 25, 877.9),
(7, 160, 3, 5, 790.89),
(82, 668, 8, 25, 467.4),
(1, 386, 1, 5, 323.07),
(44, 462, 4, 10, 450.82),
(26, 266, 1, 25, 363.43),
(56, 23, 3, 10, 719.58),
(30, 775, 1, 5, 842.95),
(73, 65, 9, 5, 823.59),
(71, 377, 3, 20, 525.29),
(65, 264, 8, 5, 271.6),
(18, 873, 3, 10, 764.46),
(14, 106, 2, 10, 72.62),
(20, 42, 8, 25, 629.18),
(86, 546, 4, 15, 116.35),
(98, 72, 7, 20, 858.33),
(21, 635, 9, 15, 102.54),
(63, 501, 3, 10, 387.35),
(94, 553, 1, 20, 898.66),
(22, 765, 3, 20, 891.06),
(59, 903, 4, 20, 867.14),
(68, 10, 5, 15, 967.76),
(44, 491, 6, 20, 625.15),
(77, 754, 9, 20, 672.74),
(82, 776, 7, 20, 606.08),
(54, 693, 5, 25, 703.79),
(37, 520, 5, 25, 758.62),
(47, 867, 7, 15, 838.63),
(28, 434, 3, 15, 703.54),
(67, 822, 7, 20, 707.66),
(44, 371, 1, 15, 505.66),
(74, 854, 7, 5, 154.54),
(77, 865, 1, 15, 804.39),
(1, 644, 7, 5, 569.21),
(99, 787, 7, 20, 748.63),
(12, 868, 1, 5, 249.47),
(73, 306, 6, 15, 657.26),
(37, 842, 1, 15, 870.68),
(25, 55, 6, 20, 270.98),
(39, 653, 10, 20, 122.8),
(99, 577, 7, 10, 790.65),
(74, 357, 6, 20, 88.5),
(38, 663, 1, 20, 748.15),
(34, 784, 7, 25, 463.52),
(12, 786, 5, 15, 747.13),
(42, 9, 10, 20, 317.11),
(46, 934, 6, 20, 193.54),
(84, 257, 1, 5, 616.11),
(69, 938, 9, 10, 957.34),
(81, 824, 3, 10, 711.91),
(83, 109, 10, 25, 221.63),
(54, 592, 5, 25, 883.71),
(24, 494, 6, 5, 460.31),
(18, 769, 2, 10, 911.54),
(50, 925, 8, 10, 498.44),
(60, 609, 9, 25, 138.57),
(1, 161, 8, 15, 143.49),
(25, 301, 9, 15, 219.35),
(68, 641, 5, 10, 510.74),
(33, 400, 4, 15, 655.63),
(37, 833, 6, 15, 577.48),
(10, 528, 4, 20, 302.13),
(54, 307, 4, 25, 919.68),
(48, 211, 8, 25, 145.25),
(49, 850, 8, 15, 412.04),
(50, 298, 4, 10, 235.1),
(64, 669, 7, 15, 697.79),
(61, 132, 7, 25, 610.94),
(91, 545, 8, 5, 858.71),
(83, 469, 7, 15, 762.7),
(12, 813, 2, 10, 314.38),
(65, 127, 6, 25, 276.59),
(55, 33, 1, 15, 77.01),
(83, 623, 2, 20, 444.02),
(14, 426, 6, 25, 456.56),
(74, 969, 9, 15, 818.8),
(54, 312, 10, 5, 375.88),
(60, 563, 6, 20, 708.4),
(78, 40, 3, 5, 159.15),
(69, 157, 4, 20, 959.47),
(78, 998, 9, 15, 657.88),
(89, 312, 9, 5, 148.06),
(1, 504, 8, 5, 982.96),
(72, 459, 2, 10, 296.65),
(17, 912, 2, 20, 236.65),
(76, 747, 8, 5, 699.99),
(50, 682, 1, 10, 303.5),
(60, 896, 3, 25, 571.02),
(6, 264, 8, 10, 983.09),
(45, 861, 4, 25, 460.22),
(62, 616, 1, 15, 793.36),
(80, 857, 4, 25, 426.53),
(73, 697, 9, 20, 707.9),
(52, 390, 4, 10, 589.51),
(73, 972, 10, 5, 441.02),
(24, 649, 7, 15, 920.09),
(13, 622, 8, 15, 457.69),
(75, 23, 9, 25, 985.27),
(68, 131, 9, 10, 794.84),
(7, 822, 5, 15, 582.62),
(35, 287, 7, 5, 517.22),
(80, 115, 5, 10, 585.27),
(31, 80, 8, 15, 701.98),
(59, 627, 7, 15, 977.01),
(45, 236, 1, 5, 69.93),
(65, 203, 3, 25, 819.5),
(20, 919, 5, 10, 473.63),
(85, 440, 5, 25, 642.47),
(64, 584, 8, 15, 176.77),
(66, 885, 3, 10, 927.05),
(98, 548, 8, 15, 423.2),
(85, 754, 1, 15, 746.46),
(78, 844, 9, 20, 331.42),
(83, 187, 6, 25, 947.62),
(87, 996, 10, 25, 580.45),
(76, 602, 5, 15, 990.41),
(89, 319, 8, 15, 262.15),
(90, 1, 10, 10, 749.63),
(33, 711, 1, 5, 507.27),
(92, 126, 7, 15, 949.44),
(3, 949, 3, 25, 764.46),
(83, 365, 4, 25, 497.84),
(95, 234, 9, 15, 148.61),
(92, 847, 4, 5, 908.48),
(40, 581, 8, 5, 239.07),
(19, 748, 7, 25, 91.84),
(36, 864, 7, 15, 571.16),
(23, 682, 9, 10, 256.97),
(90, 616, 10, 20, 169.59),
(48, 20, 1, 20, 958.43),
(52, 786, 10, 25, 227.23),
(62, 73, 10, 5, 152.18),
(36, 569, 2, 25, 819.13),
(56, 628, 10, 10, 612.05),
(94, 141, 8, 15, 101.24),
(50, 6, 9, 20, 429.38),
(98, 873, 3, 15, 309.13),
(5, 485, 4, 10, 981.81),
(92, 85, 8, 5, 487.64),
(48, 221, 5, 20, 167.1),
(95, 737, 8, 5, 159.81),
(89, 918, 3, 10, 565.09),
(35, 547, 6, 15, 966.98),
(45, 860, 3, 20, 591.31),
(80, 68, 5, 5, 192.74),
(29, 634, 6, 5, 371.36),
(91, 948, 10, 20, 855.24),
(100, 629, 10, 5, 119.61),
(18, 737, 6, 20, 983.46),
(13, 802, 7, 10, 689.36),
(7, 77, 7, 20, 991.32),
(53, 447, 10, 10, 236.67),
(34, 906, 4, 25, 496.47),
(52, 921, 10, 25, 386.35),
(53, 771, 7, 5, 791.31),
(27, 511, 7, 25, 564.15),
(52, 23, 4, 5, 500.54),
(70, 995, 6, 10, 554.87),
(78, 826, 5, 25, 524.55),
(1, 202, 4, 20, 444.18),
(89, 75, 2, 25, 649.46),
(28, 886, 6, 20, 820.4),
(89, 9, 9, 5, 566.16),
(76, 621, 3, 15, 814.77),
(30, 878, 2, 25, 744.14),
(52, 199, 8, 25, 729.78),
(73, 19, 10, 25, 509.56),
(79, 548, 7, 10, 474.06),
(20, 131, 10, 5, 112.53),
(76, 286, 4, 10, 685.28),
(75, 442, 8, 20, 311.21),
(18, 91, 7, 10, 973.53),
(43, 359, 6, 25, 179.13),
(29, 861, 7, 15, 756.71),
(14, 36, 2, 25, 958.93),
(80, 206, 7, 25, 391.64),
(98, 356, 5, 10, 825.97),
(79, 932, 7, 15, 469.81),
(1, 904, 3, 15, 778.64),
(12, 989, 4, 25, 310.61),
(44, 790, 10, 25, 446.25),
(68, 748, 10, 10, 660.42),
(31, 651, 4, 20, 394.8),
(25, 11, 3, 20, 609.37),
(20, 100, 5, 5, 675.28),
(36, 363, 9, 20, 134.57),
(6, 686, 5, 5, 160.68),
(86, 965, 10, 20, 508.68),
(19, 243, 4, 20, 927.92),
(99, 406, 9, 20, 199.8),
(48, 19, 3, 15, 556.47),
(48, 335, 8, 20, 766.0),
(44, 234, 8, 10, 398.4),
(43, 715, 3, 25, 849.88),
(67, 690, 3, 15, 389.2),
(49, 1000, 6, 10, 900.61),
(51, 823, 8, 15, 644.51),
(60, 384, 8, 5, 741.68),
(99, 741, 9, 15, 867.95),
(68, 106, 1, 5, 833.97),
(12, 762, 4, 15, 283.36),
(29, 157, 8, 20, 380.27),
(15, 47, 6, 5, 630.53),
(91, 425, 4, 5, 980.85),
(69, 769, 3, 25, 247.04),
(52, 125, 4, 15, 223.92),
(36, 244, 9, 5, 235.71),
(86, 254, 5, 20, 65.23),
(8, 205, 5, 25, 539.49),
(83, 975, 8, 20, 538.83),
(71, 452, 4, 20, 828.37),
(69, 469, 6, 20, 134.26),
(76, 873, 7, 15, 207.34),
(41, 241, 4, 20, 589.77),
(37, 234, 9, 5, 561.12),
(58, 610, 2, 20, 496.48),
(66, 64, 4, 25, 66.17),
(46, 149, 9, 20, 647.87),
(80, 344, 8, 25, 392.07),
(21, 919, 1, 15, 641.5),
(67, 833, 7, 5, 840.45),
(100, 169, 1, 20, 475.23),
(79, 653, 3, 5, 119.94),
(30, 121, 4, 10, 459.38),
(43, 268, 5, 25, 89.18),
(12, 292, 1, 20, 632.88),
(55, 469, 9, 15, 933.53),
(57, 847, 5, 5, 787.7),
(82, 532, 3, 5, 525.79),
(16, 635, 1, 20, 153.16),
(88, 956, 4, 25, 107.43),
(21, 598, 10, 5, 738.63),
(31, 713, 7, 20, 840.3),
(12, 919, 5, 25, 601.99),
(41, 743, 6, 15, 623.58),
(62, 784, 2, 10, 657.45),
(74, 682, 7, 25, 470.78),
(36, 3, 1, 5, 947.93),
(85, 785, 7, 5, 452.94),
(59, 812, 10, 20, 430.56),
(64, 603, 10, 20, 184.1),
(100, 196, 7, 10, 664.85),
(21, 276, 2, 10, 89.72),
(85, 360, 2, 20, 314.63),
(79, 667, 9, 10, 137.59),
(32, 343, 3, 15, 556.51),
(95, 497, 7, 5, 93.63),
(52, 824, 9, 25, 876.91),
(40, 839, 7, 25, 956.64),
(99, 566, 10, 25, 241.27),
(52, 299, 7, 10, 256.48),
(71, 714, 1, 5, 784.32),
(30, 919, 9, 10, 906.93),
(28, 382, 8, 15, 289.78),
(65, 841, 9, 15, 508.99),
(43, 666, 9, 10, 755.13),
(16, 616, 2, 15, 141.09),
(11, 371, 4, 15, 508.74),
(71, 261, 6, 15, 380.67),
(74, 139, 6, 20, 829.43),
(71, 598, 6, 25, 430.81),
(28, 182, 6, 15, 609.71),
(7, 887, 9, 15, 814.1),
(86, 466, 9, 25, 148.83),
(16, 301, 3, 5, 481.52),
(98, 47, 6, 15, 842.43),
(98, 64, 5, 15, 441.88),
(14, 548, 7, 20, 396.87),
(40, 149, 4, 10, 471.42),
(2, 672, 8, 20, 283.75),
(45, 81, 7, 10, 520.38),
(51, 765, 6, 20, 183.61),
(90, 178, 1, 20, 625.41),
(59, 15, 7, 10, 300.77),
(57, 548, 8, 10, 957.64),
(32, 929, 10, 10, 740.23),
(77, 39, 1, 10, 302.7),
(78, 634, 4, 15, 297.12),
(78, 137, 4, 5, 244.17),
(55, 60, 2, 10, 701.16),
(82, 949, 8, 25, 485.08),
(98, 74, 10, 25, 330.37),
(19, 893, 7, 25, 747.7),
(36, 340, 3, 20, 738.35),
(49, 268, 1, 20, 149.72),
(33, 409, 6, 5, 493.68),
(13, 460, 9, 5, 759.4),
(9, 778, 10, 15, 664.75),
(60, 952, 9, 25, 615.03),
(15, 10, 2, 15, 194.93),
(11, 164, 10, 15, 845.75),
(65, 707, 9, 15, 998.69),
(30, 332, 7, 25, 364.39),
(34, 516, 1, 5, 146.79),
(26, 212, 7, 25, 947.71),
(4, 707, 1, 10, 683.87),
(10, 314, 7, 25, 618.12),
(74, 658, 3, 25, 793.18),
(75, 471, 10, 25, 661.52),
(97, 248, 10, 15, 656.9),
(65, 593, 8, 10, 154.46),
(96, 601, 4, 25, 161.66),
(89, 79, 2, 25, 385.69),
(28, 482, 7, 20, 496.3),
(98, 413, 5, 25, 740.3),
(2, 443, 1, 10, 121.67),
(13, 68, 8, 5, 932.04),
(14, 189, 4, 5, 204.46),
(79, 525, 3, 5, 756.09),
(14, 659, 5, 5, 423.69),
(36, 795, 4, 25, 782.07),
(47, 79, 2, 20, 455.06),
(29, 178, 9, 5, 973.6),
(44, 673, 7, 15, 232.52),
(71, 537, 9, 10, 269.58),
(59, 517, 9, 25, 85.14),
(50, 966, 3, 15, 552.04),
(75, 54, 6, 10, 814.34),
(52, 493, 10, 15, 705.74),
(4, 371, 3, 20, 321.29),
(38, 395, 4, 15, 610.26),
(4, 82, 7, 10, 881.94),
(30, 206, 7, 5, 446.93),
(74, 699, 3, 25, 159.9),
(19, 124, 6, 5, 814.35),
(34, 365, 6, 5, 665.95),
(23, 245, 6, 20, 786.79),
(19, 351, 5, 25, 716.51),
(83, 498, 7, 25, 768.73),
(72, 358, 4, 5, 339.12),
(51, 772, 1, 20, 469.02),
(62, 449, 9, 15, 605.21),
(20, 865, 2, 20, 518.96),
(61, 186, 1, 15, 695.03),
(14, 23, 9, 5, 830.58),
(61, 89, 2, 5, 256.91),
(37, 301, 4, 25, 984.58),
(96, 552, 3, 25, 69.77),
(65, 958, 10, 20, 314.52),
(8, 143, 5, 5, 964.96),
(10, 602, 6, 20, 586.49),
(60, 576, 2, 20, 802.01),
(10, 615, 3, 15, 714.38),
(82, 626, 5, 10, 676.04),
(17, 942, 2, 15, 432.29),
(30, 171, 4, 20, 821.22),
(91, 721, 9, 10, 776.81),
(21, 630, 1, 20, 414.04),
(27, 267, 3, 10, 368.69),
(34, 460, 1, 25, 837.84),
(87, 740, 1, 15, 648.69),
(45, 598, 10, 15, 208.02),
(72, 874, 6, 10, 535.38),
(71, 189, 6, 20, 823.59),
(12, 570, 9, 5, 394.22),
(80, 680, 8, 20, 794.67),
(38, 155, 3, 10, 788.68),
(33, 354, 10, 25, 575.05),
(5, 16, 9, 10, 538.14),
(90, 882, 2, 25, 531.54),
(54, 136, 4, 15, 793.38),
(8, 713, 6, 10, 320.14),
(67, 542, 1, 10, 792.67),
(14, 764, 8, 5, 510.09),
(20, 492, 9, 10, 861.24),
(39, 590, 6, 15, 975.27),
(52, 128, 8, 10, 526.02),
(51, 987, 9, 15, 347.86),
(98, 930, 4, 20, 641.13),
(44, 560, 8, 25, 266.83),
(97, 842, 3, 25, 874.83),
(49, 821, 3, 15, 521.74),
(44, 469, 10, 20, 204.24),
(90, 150, 3, 15, 576.45),
(36, 137, 8, 15, 780.42),
(46, 879, 8, 15, 983.93),
(85, 100, 3, 5, 341.71),
(42, 168, 6, 5, 814.49),
(26, 49, 5, 20, 486.97),
(10, 499, 4, 25, 586.57),
(87, 74, 8, 15, 79.07),
(2, 355, 1, 20, 445.09),
(69, 742, 9, 25, 120.14),
(59, 973, 3, 10, 256.46),
(79, 235, 7, 15, 657.18),
(66, 942, 10, 20, 470.48),
(37, 526, 9, 10, 659.76),
(27, 925, 7, 25, 221.92),
(99, 317, 2, 20, 937.19),
(18, 305, 3, 15, 840.9),
(78, 623, 4, 10, 673.18),
(93, 294, 9, 20, 50.94),
(73, 386, 1, 15, 925.17),
(17, 728, 5, 10, 632.78),
(97, 839, 1, 20, 878.52),
(71, 600, 8, 20, 822.25),
(7, 547, 4, 15, 153.44),
(22, 625, 10, 15, 976.38),
(22, 398, 10, 10, 725.93),
(67, 933, 9, 25, 82.26),
(96, 958, 9, 25, 696.78),
(34, 521, 7, 20, 186.05),
(72, 491, 6, 25, 210.73),
(16, 195, 2, 20, 551.73),
(6, 891, 8, 25, 884.92),
(23, 393, 7, 10, 459.22),
(93, 468, 10, 20, 497.09),
(84, 837, 10, 15, 246.0),
(51, 150, 4, 10, 900.35),
(38, 165, 2, 5, 715.67),
(86, 798, 8, 10, 589.27),
(26, 980, 3, 25, 242.87),
(67, 853, 2, 10, 433.97),
(7, 451, 3, 5, 932.01),
(19, 227, 10, 25, 626.81),
(21, 575, 4, 5, 169.91),
(35, 236, 10, 25, 387.33),
(36, 853, 9, 5, 810.7),
(46, 992, 10, 25, 68.43),
(75, 999, 10, 15, 928.12);

